X,Y,r,PL,RMS,trajectory_id,step_id,PL_squared,RMS_squared,PL_cubed,RMS_cubed,PL_log,RMS_log,PL_sqrt,RMS_sqrt,PL_reciprocal,RMS_reciprocal,PL_RMS,PL_squared_RMS,PL_RMS_squared,PL_squared_RMS_squared,PL_RMS_ratio,RMS_PL_ratio,PL_minus_RMS,PL_plus_RMS,abs_PL_minus_RMS,PL_RMS_harmonic_mean,PL_RMS_geometric_mean,PL^2,PL RMS,RMS^2,PL^3,PL^2 RMS,PL RMS^2,RMS^3
-1818,-779,1977.87,66.5,7.36,0,0,4422.25,54.1696,294079.625,398.688256,4.197201947663312,1.9960599327543718,8.154753215150045,2.7129319932501073,0.015037593984939793,0.13586956521554525,489.44,32547.760000000002,3602.2784,239551.5136,9.03532608683376,0.11067669172915688,59.14,73.86,59.14,13.253181695080892,22.123290894439734,4422.25,489.44,54.1696,294079.625,32547.76,3602.2784,398.688256
-2219,-895,2392.69,65.8,8.14,0,1,4329.639999999999,66.2596,284890.312,539.3531440000002,4.186619838332791,2.096790180026734,8.1117199162693,2.8530685235374214,0.015197568389034655,0.12285012284861363,535.612,35243.2696,4359.88168,286880.214544,8.083538083438777,0.1237082066867421,57.66,73.94,57.66,14.487746821727768,23.14329276485954,4329.639999999999,535.612,66.2596,284890.312,35243.2696,4359.88168,539.353144
-1686,-903,1912.59,67.1,7.85,0,2,4502.409999999999,61.622499999999995,302111.71099999995,483.73662499999995,4.2061840439791265,2.060513531807056,8.191458966508957,2.80178514522438,0.014903129657205808,0.12738853503022435,526.7349999999999,35343.91849999999,4134.869749999999,277449.7602249999,8.547770700528053,0.1169895678090656,59.24999999999999,74.94999999999999,59.24999999999999,14.055637091375509,22.950708050079847,4502.409999999999,526.7349999999999,61.622499999999995,302111.7109999999,35343.91849999999,4134.869749999999,483.73662499999995
-2038,-927,2238.92,69.2,7.74,0,3,4788.64,59.9076,331373.88800000004,463.68482400000005,4.237000862625069,2.046401687614556,8.318653737234168,2.7820855486487113,0.014450867052002239,0.1291989664065995,535.6080000000001,37064.0736,4145.60592,286875.92966400005,8.940568475336685,0.11184971098249732,61.46,76.94,61.46,13.922744996082765,23.143206346571773,4788.64,535.6080000000001,59.9076,331373.88800000004,37064.0736,4145.60592,463.68482400000005
-1805,-1164,2147.77,65.8,8.91,0,4,4329.639999999999,79.38810000000001,284890.312,707.347971,4.186619838332791,2.1871742414939415,8.1117199162693,2.98496231131986,0.015197568389034655,0.11223344556551926,586.278,38577.092399999994,5223.736980000001,343721.893284,7.384960718211167,0.13541033434629876,56.89,74.71,56.89,15.694766430175754,24.213178230046548,4329.639999999999,586.278,79.38810000000001,284890.312,38577.0924,5223.736980000001,707.3479710000001
-1288,-920,1582.83,66.1,8.73,0,5,4369.209999999999,76.2129,288804.7809999999,665.3386170000001,4.191168746859153,2.166765369862966,8.130190649671137,2.9546573405388314,0.015128593040824315,0.11454753722663748,577.053,38143.203299999994,5037.67269,332990.164809,7.571592210680737,0.13207261724639627,57.36999999999999,74.83,57.36999999999999,15.423038888125854,24.021927483031,4369.209999999999,577.053,76.2129,288804.7809999999,38143.203299999994,5037.67269,665.3386170000001
-727,-964,1207.4,65.6,8.84,0,6,4303.36,78.1456,282300.4159999999,690.807104,4.183575695951568,2.179286876660864,8.099382692526634,2.973213749463701,0.015243902439001153,0.1131221719444217,579.904,38041.702399999995,5126.35136,336288.649216,7.420814479554062,0.1347560975607702,56.75999999999999,74.44,56.75999999999999,15.580440623299864,24.081195983588522,4303.36,579.904,78.1456,282300.41599999997,38041.702399999995,5126.35136,690.807104
-196,-1244,1259.35,67.0,8.15,0,7,4489.0,66.4225,300763.0,541.343375,4.204692619392459,2.098017927265041,8.18535277187245,2.8548204847240397,0.01492537313430608,0.12269938650156197,546.0500000000001,36585.35,4450.3075,298170.6025,8.220858895604652,0.12164179104459456,58.85,75.15,58.85,14.532268795722512,23.36771276783417,4489.0,546.0500000000001,66.4225,300763.0,36585.350000000006,4450.3075,541.343375
-711,-1464,1627.52,68.6,7.45,0,8,4705.959999999999,55.502500000000005,322828.8559999999,413.493625,4.228292534733297,2.008214032404891,8.282511696339462,2.7294688127912363,0.01457725947519741,0.13422818791766136,511.07,35059.401999999995,3807.4715,261192.54489999998,9.20805369115157,0.1086005830902207,61.14999999999999,76.05,61.14999999999999,13.440368178812044,22.6068573667372,4705.959999999999,511.07,55.502500000000005,322828.8559999999,35059.401999999995,3807.4715,413.49362500000007
-994,-1334,1663.61,68.5,7.34,0,9,4692.25,53.8756,321419.125,395.44690399999996,4.22683374526964,1.9933388426400482,8.276472678623424,2.7092434368288134,0.01459854014596409,0.13623978201449266,502.78999999999996,34441.115,3690.4786,252797.7841,9.332425067992746,0.10715328467137641,61.16,75.84,61.16,13.259229957788422,22.4229792846535,4692.25,502.78999999999996,53.8756,321419.125,34441.115,3690.4786,395.44690399999996
-745,-1331,1525.32,66.9,7.31,1,0,4475.610000000001,53.436099999999996,299418.30900000007,390.61789099999993,4.203198967135678,1.989243273775367,8.179242018671413,2.7037011669191546,0.014947683109095741,0.13679890560688374,489.039,32716.709100000004,3574.87509,239159.14352100002,9.151846785100524,0.10926756352748987,59.59,74.21000000000001,59.59,13.17986794230807,22.11422619039608,4475.610000000001,489.039,53.436099999999996,299418.30900000007,32716.709100000004,3574.87509,390.61789099999993
-1123,-1495,1869.8,67.5,6.77,1,1,4556.25,45.832899999999995,307546.875,310.2887329999999,4.212127597879966,1.9125010869389547,8.215838362577491,2.6019223662515376,0.014814814814792866,0.14771048744242674,456.97499999999997,30845.812499999996,3093.7207499999995,208826.15062499998,9.970457902363805,0.1002962962961477,60.730000000000004,74.27,60.730000000000004,12.305776221876524,21.376973593097784,4556.25,456.97499999999997,45.832899999999995,307546.875,30845.812499999996,3093.7207499999995,310.2887329999999
-1553,-1467,2136.33,67.3,8.12,1,2,4529.29,65.93439999999998,304821.21699999995,535.3873279999998,4.209160236652168,2.0943301541859016,8.203657720797473,2.8495613697550013,0.01485884101037911,0.12315270935808927,546.4759999999999,36777.8348,4437.385119999999,298636.01857599994,8.288177339799407,0.12065378900427837,59.18,75.42,59.18,14.491540705363969,23.37682613187684,4529.29,546.4759999999999,65.93439999999998,304821.217,36777.83479999999,4437.385119999999,535.3873279999998
-1602,-1079,1931.49,66.5,9.02,1,3,4422.25,81.3604,294079.625,733.8708079999999,4.197201947663312,2.199444334085619,8.154753215150045,3.003331483536241,0.015037593984939793,0.11086474500985738,599.8299999999999,39888.695,5410.4666,359796.0289,7.3725055431555155,0.13563909774415692,57.480000000000004,75.52,57.480000000000004,15.885328389809473,24.491427071528516,4422.25,599.8299999999999,81.3604,294079.625,39888.69499999999,5410.4666,733.8708079999999
-1216,-1103,1641.73,68.1,8.44,1,4,4637.61,71.2336,315821.2409999999,601.2115839999999,4.220977213156935,2.132982308619714,8.252272414311102,2.90516780926679,0.014684287812019555,0.11848341232087106,574.7639999999999,39141.4284,4851.008159999999,330353.655696,8.06872037905132,0.12393538913344503,59.66,76.53999999999999,59.66,15.018656911399242,23.97423617135695,4637.61,574.7639999999999,71.2336,315821.241,39141.42839999999,4851.008159999999,601.2115839999999
-1065,-763,1310.11,68.5,7.21,1,5,4692.25,51.9841,321419.125,374.805361,4.22683374526964,1.9754689513107273,8.276472678623424,2.6851443164195103,0.01459854014596409,0.1386962551991859,493.885,33831.1225,3560.9108499999998,243922.39322499998,9.500693481144234,0.10525547445240109,61.29,75.71,61.29,13.046757363607124,22.22352357300705,4692.25,493.885,51.9841,321419.125,33831.1225,3560.9108499999998,374.805361
-690,-1207,1390.31,65.7,9.08,1,6,4316.490000000001,82.4464,283593.39300000004,748.6133120000001,4.185098925492087,2.2060741926242153,8.105553651663778,3.0133038346638727,0.015220700152183833,0.11013215858909546,596.556,39193.72920000001,5416.72848,355879.06113600003,7.235682819303572,0.1382039573818292,56.620000000000005,74.78,56.620000000000005,15.954961219556091,24.42449590063222,4316.490000000001,596.556,82.4464,283593.39300000004,39193.7292,5416.72848,748.613312
-144,-1093,1102.45,66.4,8.04,1,7,4408.960000000001,64.64159999999998,292754.9440000001,519.7184639999998,4.195697056483894,2.0844290832033128,8.148619514985345,2.835489375751565,0.015060240963832738,0.12437810945118934,533.856,35448.038400000005,4292.20224,285002.22873599996,8.258706467558973,0.12108433734921521,58.36000000000001,74.44,58.36000000000001,14.343256313790512,23.105324061782817,4408.960000000001,533.856,64.64159999999998,292754.9440000001,35448.038400000005,4292.20224,519.7184639999998
-350,-729,808.67,66.9,6.82,1,8,4475.610000000001,46.51240000000001,299418.30900000007,317.21456800000004,4.203198967135678,1.9198594718700335,8.179242018671413,2.6115129714401193,0.014947683109095741,0.14662756598025473,456.25800000000004,30523.660200000006,3111.6795600000005,208171.36256400007,9.809384164079042,0.10194319880403296,60.080000000000005,73.72,60.080000000000005,12.37813347800817,21.360196628308458,4475.610000000001,456.25800000000004,46.51240000000001,299418.30900000007,30523.660200000006,3111.6795600000005,317.21456800000004
-354,-1173,1225.25,67.4,7.05,1,9,4542.760000000001,49.7025,306182.0240000001,350.402625,4.210645017919745,1.9530276168383616,8.209750300709517,2.6551836094703507,0.014836795252203504,0.1418439716291937,475.17,32026.458000000006,3349.9485000000004,225786.52890000006,9.560283687807656,0.1045994065280347,60.35000000000001,74.45,60.35000000000001,12.764808596356259,21.79839443628819,4542.760000000001,475.17,49.7025,306182.0240000001,32026.458000000002,3349.9485000000004,350.402625
-1871,-1036,2138.68,64.8,7.88,2,0,4199.04,62.0944,272097.79199999996,489.30387199999996,4.171305603359772,2.064327903882478,8.049844718999243,2.80713376952364,0.015432098765408284,0.12690355329788194,510.62399999999997,33088.4352,4023.71712,260736.869376,8.22335025370275,0.12160493827141727,56.919999999999995,72.67999999999999,56.919999999999995,14.051293340652103,22.59699095012431,4199.04,510.62399999999997,62.0944,272097.79199999996,33088.4352,4023.71712,489.303872
-1363,-962,1668.3,67.5,7.13,2,1,4556.25,50.8369,307546.875,362.46709699999997,4.212127597879966,1.9643112344402298,8.215838362577491,2.670205984563738,0.014814814814792866,0.14025245441598524,481.275,32486.0625,3431.49075,231625.625625,9.467040673079003,0.10562962962947314,60.37,74.63,60.37,12.897628299594134,21.93798076396276,4556.25,481.275,50.8369,307546.875,32486.0625,3431.49075,362.46709699999997
-966,-1253,1582.14,68.4,7.66,2,2,4678.56,58.6756,320013.5040000001,449.455096,4.225372824629967,2.0360119837655546,8.270429251254134,2.7676705006196096,0.014619883040914296,0.13054830287035837,523.9440000000001,35837.76960000001,4013.4110400000004,274517.31513600005,8.929503916332514,0.11198830409340352,60.74000000000001,76.06,60.74000000000001,13.77712332367371,22.88982306615759,4678.56,523.9440000000001,58.6756,320013.5040000001,35837.76960000001,4013.4110400000004,449.455096
-1302,-1151,1737.82,66.1,9.5,2,3,4369.209999999999,90.25,288804.7809999999,857.375,4.191168746859153,2.2512917986170216,8.130190649671137,3.082207001484488,0.015128593040824315,0.1052631578936288,627.9499999999999,41507.494999999995,5965.525,394321.2024999999,6.957894736768863,0.143721633887831,56.599999999999994,75.6,56.599999999999994,16.612433862411887,25.0589305438201,4369.209999999999,627.9499999999999,90.25,288804.7809999999,41507.494999999995,5965.525,857.375
-1005,-1037,1444.09,67.7,7.87,2,4,4583.29,61.9369,310288.73300000007,487.44340300000005,4.215086179919706,2.0630580624420185,8.228000972289685,2.8053520278211077,0.014771048744439037,0.12706480304794074,532.799,36070.4923,4193.12813,283874.774401,8.602287166345587,0.11624815361873522,59.830000000000005,75.57000000000001,59.830000000000005,14.10080719860513,23.08243921252691,4583.29,532.799,61.9369,310288.733,36070.4923,4193.12813,487.443403
-674,-776,1027.84,68.7,9.71,2,5,4719.6900000000005,94.28410000000002,324242.70300000004,915.4986110000002,4.229749199229759,2.2731562823135323,8.28854631404084,3.116087290176577,0.014556040756892931,0.1029866117394131,667.0770000000001,45828.18990000001,6477.317670000002,444991.72392900015,7.075180226497681,0.14133915574943037,58.99,78.41,58.99,17.01510011475958,25.827833823222576,4719.6900000000005,667.0770000000001,94.28410000000002,324242.70300000004,45828.18990000001,6477.317670000002,915.4986110000003
-235,-780,814.63,67.2,7.14,2,6,4515.84,50.9796,303464.44800000003,363.99434399999996,4.207673247530592,1.9657127763654987,8.19756061276768,2.6720778431774774,0.014880952380930236,0.14005602240700202,479.808,32243.0976,3425.82912,230215.716864,9.411764705750537,0.10624999999984187,60.06,74.34,60.06,12.908474576253822,21.9045200814809,4515.84,479.808,50.9796,303464.44800000003,32243.0976,3425.82912,363.99434399999996
6,-1049,1049.02,67.4,7.04,2,7,4542.760000000001,49.5616,306182.0240000001,348.913664,4.210645017919745,1.9516081701841557,8.209750300709517,2.6532998322843198,0.014836795252203504,0.14204545454343687,474.49600000000004,31981.030400000007,3340.45184,225146.45401600006,9.573863636227644,0.10445103857551268,60.36000000000001,74.44000000000001,60.36000000000001,12.748414830719037,21.782929095968708,4542.760000000001,474.49600000000004,49.5616,306182.0240000001,31981.030400000007,3340.45184,348.913664
-414,-1421,1480.08,65.5,9.04,2,8,4290.25,81.72159999999998,281011.375,738.7632639999998,4.182050142642733,2.201659174415147,8.093207028119323,3.0066592756745814,0.015267175572495776,0.11061946902532502,592.1199999999999,38783.85999999999,5352.764799999999,350606.09439999994,7.245575221158789,0.1380152671753618,56.46,74.53999999999999,56.46,15.887308827453866,24.333515981049676,4290.25,592.1199999999999,81.72159999999998,281011.375,38783.85999999999,5352.764799999999,738.7632639999997
58,-1340,1341.25,65.5,9.51,2,9,4290.25,90.4401,281011.375,860.085351,4.182050142642733,2.252343876567814,8.093207028119323,3.083828789021855,0.015267175572495776,0.10515247108196475,622.905,40800.2775,5923.82655,388010.639025,6.8874868558686915,0.1451908396944348,55.99,75.01,55.99,16.608585521908264,24.958064828828377,4290.25,622.905,90.4401,281011.375,40800.2775,5923.82655,860.085351
-1516,-1220,1945.93,66.9,6.85,3,0,4475.610000000001,46.92249999999999,299418.30900000007,321.41912499999995,4.203198967135678,1.9242486522887323,8.179242018671413,2.6172504656604803,0.014947683109095741,0.14598540145772285,458.26500000000004,30657.9285,3139.11525,210006.810225,9.76642335752166,0.10239162929730583,60.050000000000004,73.75,60.050000000000004,12.427525423711964,21.40712498211752,4475.610000000001,458.26500000000004,46.92249999999999,299418.30900000007,30657.928500000005,3139.11525,321.41912499999995
-1891,-1403,2354.63,67.1,10.04,3,1,4502.409999999999,100.80159999999998,302111.71099999995,1012.0480639999997,4.2061840439791265,2.3065771142735434,8.191458966508957,3.1685959035509716,0.014903129657205808,0.09960159362450596,673.6839999999999,45204.196399999986,6763.787359999998,453850.1318559998,6.68326693220435,0.1496274217583463,57.059999999999995,77.13999999999999,57.059999999999995,17.466528389917723,25.955423325386157,4502.409999999999,673.6839999999999,100.80159999999998,302111.7109999999,45204.196399999986,6763.787359999998,1012.0480639999997
-1327,-1370,1907.31,66.5,8.35,3,2,4422.25,69.7225,294079.625,582.182875,4.197201947663312,2.1222615388747403,8.154753215150045,2.8896366553599777,0.015037593984939793,0.11976047904048191,555.275,36925.7875,4636.546249999999,308330.325625,7.964071856192048,0.12556390977424725,58.15,74.85,58.15,14.83700734800957,23.564273805912205,4422.25,555.275,69.7225,294079.625,36925.7875,4636.546249999999,582.182875
-1145,-832,1415.36,65.6,8.37,3,3,4303.36,70.05689999999998,282300.4159999999,586.3762529999998,4.183575695951568,2.1246538845133314,8.099382692526634,2.8930952282978866,0.015243902439001153,0.11947431302127272,549.0719999999999,36019.123199999995,4595.732639999998,301480.06118399993,7.8375149341954895,0.12759146341443964,57.23,73.97,57.23,14.845802352284915,23.43228541990729,4303.36,549.0719999999999,70.05689999999998,282300.41599999997,36019.12319999999,4595.732639999998,586.3762529999998
-733,-778,1068.91,67.2,7.45,3,4,4515.84,55.502500000000005,303464.44800000003,413.493625,4.207673247530592,2.008214032404891,8.19756061276768,2.7294688127912363,0.014880952380930236,0.13422818791766136,500.64000000000004,33643.008,3729.7680000000005,250640.40960000004,9.020134228066844,0.11086309523793025,59.75,74.65,59.75,13.412993971850753,22.374986033515196,4515.84,500.64000000000004,55.502500000000005,303464.44800000003,33643.008,3729.7680000000005,413.49362500000007
-597,-1278,1410.56,68.3,9.51,3,5,4664.889999999999,90.4401,318611.98699999996,860.085351,4.223909766578209,2.252343876567814,8.264381404557755,3.083828789021855,0.0146412884333607,0.10515247108196475,649.5329999999999,44363.103899999995,6177.05883,421893.11808899994,7.1819137748981925,0.13923865300126026,58.79,77.81,58.79,16.695360493488373,25.485937298832074,4664.889999999999,649.5329999999999,90.4401,318611.98699999996,44363.103899999995,6177.05883,860.085351
-388,-743,838.21,65.4,8.54,3,6,4277.160000000001,72.93159999999999,279726.2640000001,622.8358639999998,4.180522258464682,2.144761007812188,8.087026647662292,2.9223278392404914,0.01529051987765246,0.11709601873399186,558.516,36526.9464,4769.72664,311940.122256,7.658079625203069,0.13058103975515198,56.86000000000001,73.94,56.86000000000001,15.107276169847028,23.63294310914322,4277.160000000001,558.516,72.93159999999999,279726.2640000001,36526.9464,4769.72664,622.8358639999998
158,-913,926.57,67.9,7.41,3,7,4610.410000000001,54.908100000000005,313046.8390000001,406.86902100000003,4.218036034566123,2.0028304393214906,8.240145629781066,2.72213151776324,0.014727540500714686,0.13495276652989266,503.13900000000007,34163.138100000004,3728.2599900000005,253148.85332100006,9.163292847379713,0.10913107511029582,60.49000000000001,75.31,60.49000000000001,13.361811180436382,22.430760129786062,4610.410000000001,503.13900000000007,54.908100000000005,313046.8390000001,34163.13810000001,3728.2599900000005,406.86902100000003
199,-1234,1249.94,68.1,7.2,3,8,4637.61,51.84,315821.2409999999,373.24800000000005,4.220977213156935,1.9740810260358985,8.252272414311102,2.6832815729997477,0.014684287812019555,0.13888888888695988,490.32,33390.792,3530.304,240413.7024,9.458333333201967,0.10572687224654079,60.89999999999999,75.3,60.89999999999999,13.023107569703821,22.14317050469512,4637.61,490.32,51.84,315821.241,33390.791999999994,3530.304,373.24800000000005
325,-1517,1551.42,70.0,7.11,3,9,4900.0,50.5521,343000.0,359.42543100000006,4.2484952420507875,1.9615022438292142,8.366600265340756,2.6664583251946765,0.014285714285693878,0.1406469760880359,497.70000000000005,34839.0,3538.6470000000004,247705.29,9.845288326162514,0.10157142857128347,62.89,77.11,62.89,12.908831539342616,22.30919093109385,4900.0,497.70000000000005,50.5521,343000.0,34839.0,3538.6470000000004,359.42543100000006
-781,-1314,1528.58,67.1,8.69,4,0,4502.409999999999,75.5161,302111.71099999995,656.2349089999999,4.2061840439791265,2.162172939288808,8.191458966508957,2.947880594596735,0.014903129657205808,0.1150747986177782,583.0989999999999,39125.94289999999,5067.13031,340004.4438009999,7.721518987252916,0.12950819672111846,58.41,75.78999999999999,58.41,15.387227866452847,24.14744292880718,4502.409999999999,583.0989999999999,75.5161,302111.7109999999,39125.942899999995,5067.13031,656.2349089999999
-969,-788,1248.96,67.1,7.35,4,1,4502.409999999999,54.022499999999994,302111.71099999995,397.06537499999996,4.2061840439791265,1.9947003132383507,8.191458966508957,2.711088342345192,0.014903129657205808,0.13605442176685642,493.18499999999995,33092.71349999999,3624.9097499999993,243231.44422499993,9.129251700556065,0.10953800298046269,59.74999999999999,74.44999999999999,59.74999999999999,13.248757555388517,22.207768910901425,4502.409999999999,493.18499999999995,54.022499999999994,302111.7109999999,33092.71349999999,3624.9097499999993,397.06537499999996
-1128,-1086,1565.82,67.6,8.5,4,2,4569.759999999999,72.25,308915.7759999999,614.125,4.213607983050398,2.1400661635080356,8.221921916437786,2.9154759474226504,0.014792899408262141,0.11764705882214532,574.5999999999999,38842.95999999999,4884.099999999999,330165.16,7.952941176377023,0.12573964497022821,59.099999999999994,76.1,59.099999999999994,15.101182654382256,23.970815588961504,4569.759999999999,574.5999999999999,72.25,308915.77599999995,38842.95999999999,4884.099999999999,614.125
-981,-585,1142.18,67.1,9.37,4,3,4502.409999999999,87.79689999999998,302111.71099999995,822.6569529999998,4.2061840439791265,2.237513096261003,8.191458966508957,3.0610455730027932,0.014903129657205808,0.10672358591134767,628.7269999999999,42187.58169999999,5891.171989999998,395297.6405289998,7.161152614651429,0.13964232488801842,57.73,76.47,57.73,16.44375572117635,25.07442920586628,4502.409999999999,628.7269999999999,87.79689999999998,302111.7109999999,42187.58169999999,5891.171989999998,822.6569529999997
-671,-634,923.15,66.2,8.89,4,4,4382.4400000000005,79.03210000000001,290117.52800000005,702.5953690000001,4.192680462944473,2.184927049537062,8.136338242723197,2.981610303175115,0.015105740181246063,0.11248593925632748,588.518,38959.89160000001,5231.9250200000015,346353.4363240001,7.44656917876888,0.1342900302112775,57.31,75.09,57.31,15.675003329317253,24.259389934621193,4382.4400000000005,588.518,79.03210000000001,290117.52800000005,38959.8916,5231.9250200000015,702.5953690000001
-191,-512,546.47,66.2,7.57,4,5,4382.4400000000005,57.3049,290117.52800000005,433.79809300000005,4.192680462944473,2.0241930674625674,8.136338242723197,2.751363298439521,0.015105740181246063,0.13210039629944384,501.134,33175.07080000001,3793.5843800000002,251135.28595600004,8.745046235023183,0.1143504531720327,58.63,73.77000000000001,58.63,13.586390131471346,22.38602242471851,4382.4400000000005,501.134,57.3049,290117.52800000005,33175.0708,3793.5843800000002,433.79809300000005
-507,-496,709.27,67.2,7.49,4,6,4515.84,56.100100000000005,303464.44800000003,420.18974900000006,4.207673247530592,2.0135687975424794,8.19756061276768,2.7367864366808017,0.014880952380930236,0.13351134846283697,503.32800000000003,33823.6416,3769.9267200000004,253339.07558400003,8.971962616702644,0.11145833333316747,59.71,74.69,59.71,13.477788191172209,22.434972698891347,4515.84,503.32800000000003,56.100100000000005,303464.44800000003,33823.6416,3769.9267200000004,420.18974900000006
-872,-942,1283.65,68.9,8.95,4,7,4747.210000000001,80.10249999999999,327082.7690000001,716.9173749999999,4.232656178021064,2.191653532297937,8.300602387778854,2.9916550603303182,0.014513788098672693,0.1117318435741706,616.655,42487.529500000004,5519.06225,380263.38902500004,7.698324022260355,0.1298984034831206,59.95,77.85000000000001,59.95,15.842132305695769,24.83253913718853,4747.210000000001,616.655,80.10249999999999,327082.7690000001,42487.529500000004,5519.06225,716.9173749999999
-1162,-745,1380.31,66.1,8.29,4,8,4369.209999999999,68.72409999999999,288804.7809999999,569.7227889999998,4.191168746859153,2.115049969159266,8.130190649671137,2.8792360097775935,0.015128593040824315,0.12062726175970294,547.9689999999999,36220.75089999999,4542.663009999999,300270.0249609999,7.973462002316364,0.12541603630843356,57.809999999999995,74.38999999999999,57.809999999999995,14.732329614175653,23.40873768489023,4369.209999999999,547.9689999999999,68.72409999999999,288804.7809999999,36220.75089999999,4542.663009999999,569.7227889999999
-857,-630,1063.65,66.7,8.79,4,9,4448.89,77.26409999999998,296740.96300000005,679.1514389999998,4.200204952923078,2.173614711708462,8.167006795638168,2.9647934160747185,0.014992503748103458,0.11376564277458744,586.293,39105.7431,5153.515469999999,343739.481849,7.588168373064982,0.1317841079458294,57.910000000000004,75.49000000000001,57.910000000000004,15.53299774802552,24.213487976745522,4448.89,586.293,77.26409999999998,296740.96300000005,39105.7431,5153.515469999999,679.1514389999998
-1230,-707,1418.71,68.4,7.57,5,0,4678.56,57.3049,320013.5040000001,433.79809300000005,4.225372824629967,2.0241930674625674,8.270429251254134,2.751363298439521,0.014619883040914296,0.13210039629944384,517.788,35416.6992,3919.6551600000007,268104.41294400004,9.03566710688196,0.11067251461972123,60.830000000000005,75.97,60.830000000000005,13.631380808195825,22.75495550424127,4678.56,517.788,57.3049,320013.5040000001,35416.6992,3919.6551600000007,433.79809300000005
-1160,-1031,1551.95,67.2,9.12,5,1,4515.84,83.17439999999999,303464.44800000003,758.5505279999998,4.207673247530592,2.210469804097205,8.19756061276768,3.0199337741082997,0.014880952380930236,0.10964912280581526,612.8639999999999,41184.4608,5589.31968,375602.282496,7.368421052550786,0.13571428571408373,58.080000000000005,76.32000000000001,58.080000000000005,16.06037735846952,24.75609015979704,4515.84,612.8639999999999,83.17439999999999,303464.44800000003,41184.46079999999,5589.31968,758.5505279999999
-773,-985,1252.1,66.3,8.95,5,2,4395.69,80.10249999999999,291434.247,716.9173749999999,4.194189897193325,2.191653532297937,8.142481194328912,2.9916550603303182,0.015082956259404099,0.1117318435741706,593.3849999999999,39341.42549999999,5310.795749999999,352105.75822499994,7.407821228967511,0.13499245852166666,57.349999999999994,75.25,57.349999999999994,15.771029900311264,24.359495068658543,4395.69,593.3849999999999,80.10249999999999,291434.247,39341.42549999999,5310.795749999999,716.9173749999999
-434,-1223,1297.72,67.6,8.47,5,3,4569.759999999999,71.74090000000001,308915.7759999999,607.6454230000002,4.213607983050398,2.1365305086757695,8.221921916437786,2.91032644217105,0.014792899408262141,0.11806375442599688,572.572,38705.8672,4849.68484,327838.695184,7.981109799197388,0.12529585798798035,59.129999999999995,76.07,59.129999999999995,15.053818851038448,23.92847675887456,4569.759999999999,572.572,71.74090000000001,308915.77599999995,38705.86719999999,4849.68484,607.6454230000002
-288,-805,854.97,67.6,7.64,5,4,4569.759999999999,58.3696,308915.7759999999,445.9437439999999,4.213607983050398,2.033397603191518,8.221921916437786,2.7640549922170505,0.014792899408262141,0.13089005235430773,516.4639999999999,34912.96639999999,3945.7849599999995,266735.06329599995,8.848167539151202,0.11301775147912275,59.959999999999994,75.24,59.959999999999994,13.728442317897755,22.725844318748642,4569.759999999999,516.4639999999999,58.3696,308915.77599999995,34912.96639999999,3945.7849599999995,445.943744
-572,-1037,1184.29,67.1,7.62,5,5,4502.409999999999,58.0644,302111.71099999995,442.450728,4.2061840439791265,2.030776369711678,8.191458966508957,2.760434748368452,0.014903129657205808,0.1312335957988027,511.30199999999996,34308.36419999999,3896.1212399999995,261429.73520399994,8.80577427809966,0.11356184798790826,59.48,74.72,59.48,13.685813704478472,22.611987970985655,4502.409999999999,511.30199999999996,58.0644,302111.7109999999,34308.364199999996,3896.1212399999995,442.450728
-964,-1093,1457.38,67.0,6.97,5,6,4489.0,48.5809,300763.0,338.60887299999996,4.204692619392459,1.9416152247867797,8.18535277187245,2.640075756488817,0.01492537313430608,0.14347202295346526,466.99,31288.329999999998,3254.9202999999998,218079.6601,9.612625537882172,0.10402985074611339,60.03,73.97,60.03,12.626470190600749,21.609951411328996,4489.0,466.99,48.5809,300763.0,31288.33,3254.9202999999998,338.60887299999996
-1062,-1448,1795.7,68.4,9.36,5,7,4678.56,87.60959999999999,320013.5040000001,820.0258559999999,4.225372824629967,2.2364452905001846,8.270429251254134,3.059411708155671,0.014619883040914296,0.10683760683646541,640.224,43791.3216,5992.496639999999,409886.77017599996,7.307692307614235,0.1368421052629578,59.040000000000006,77.76,59.040000000000006,16.46666666664549,25.302648082760033,4678.56,640.224,87.60959999999999,320013.5040000001,43791.32160000001,5992.496639999999,820.0258559999999
-1247,-1204,1733.39,66.9,7.07,5,8,4475.610000000001,49.9849,299418.30900000007,353.39324300000004,4.203198967135678,1.9558604799226258,8.179242018671413,2.658947160061666,0.014947683109095741,0.14144271569814082,472.98300000000006,31642.562700000006,3343.9898100000005,223712.91828900005,9.462517680205622,0.1056801195813069,59.830000000000005,73.97,59.830000000000005,12.788508854923904,21.748172337003403,4475.610000000001,472.98300000000006,49.9849,299418.30900000007,31642.562700000006,3343.9898100000005,353.39324300000004
-1230,-1508,1946.01,67.6,6.59,5,9,4569.759999999999,43.4281,308915.7759999999,286.191179,4.213607983050398,1.8855533485295903,8.221921916437786,2.567099530598687,0.014792899408262141,0.15174506828297807,445.484,30114.718399999994,2935.73956,198455.99425599998,10.257966615929316,0.09748520710044752,61.00999999999999,74.19,61.00999999999999,12.009273486976669,21.1064918923065,4569.759999999999,445.484,43.4281,308915.77599999995,30114.718399999998,2935.73956,286.191179
-2780,-1119,2996.76,64.8,7.92,6,0,4199.04,62.7264,272097.79199999996,496.793088,4.171305603359772,2.0693912058389605,8.049844718999243,2.814249455894058,0.015432098765408284,0.12626262626103205,513.216,33256.3968,4064.6707199999996,263390.662656,8.181818181714876,0.1222222222220336,56.879999999999995,72.72,56.879999999999995,14.114851485129105,22.654271120475272,4199.04,513.216,62.7264,272097.79199999996,33256.3968,4064.6707199999996,496.79308799999995
-2256,-1284,2595.8,65.3,8.56,6,1,4264.089999999999,73.2736,278445.077,627.222016,4.178992036283916,2.147100190165333,8.080841540334768,2.925747767665559,0.015313935681446686,0.1168224299051773,558.968,36500.6104,4784.76608,312445.2250239999,7.628504672808077,0.13108728943318365,56.739999999999995,73.86,56.739999999999995,15.135878689391907,23.642504097493564,4264.089999999999,558.968,73.2736,278445.07699999993,36500.6104,4784.76608,627.222016
-1736,-1129,2070.83,66.0,8.43,6,2,4356.0,71.0649,287496.0,599.077107,4.18965474202794,2.1317967720256266,8.12403840463596,2.903446228191595,0.015151515151492195,0.11862396203892499,556.38,36721.08,4690.283399999999,309558.7044,7.829181494569049,0.1277272727270792,57.57,74.43,57.57,14.950423216424893,23.587708663623943,4356.0,556.38,71.0649,287496.0,36721.08,4690.283399999999,599.077107
-1168,-1054,1573.26,66.1,8.95,6,3,4369.209999999999,80.10249999999999,288804.7809999999,716.9173749999999,4.191168746859153,2.191653532297937,8.130190649671137,2.9916550603303182,0.015128593040824315,0.1117318435741706,591.5949999999999,39104.42949999999,5294.775249999999,349984.64402499987,7.3854748602526765,0.1354009077153776,57.14999999999999,75.05,57.14999999999999,15.765356429026292,24.322725998538896,4369.209999999999,591.5949999999999,80.10249999999999,288804.7809999999,39104.42949999999,5294.775249999999,716.9173749999999
-749,-795,1092.26,66.0,7.42,6,4,4356.0,55.0564,287496.0,408.518488,4.18965474202794,2.0041790571927662,8.12403840463596,2.723967694375247,0.015151515151492195,0.1347708894860543,489.71999999999997,32321.52,3633.7223999999997,239825.67839999998,8.894878706079584,0.11242424242407208,58.58,73.42,58.58,13.340234268573493,22.12961816209218,4356.0,489.71999999999997,55.0564,287496.0,32321.519999999997,3633.7223999999997,408.518488
-1235,-849,1498.67,69.4,7.87,6,5,4816.360000000001,61.9369,334255.3840000001,487.44340300000005,4.239886867514199,2.0630580624420185,8.330666239863412,2.8053520278211077,0.014409221901996528,0.12706480304794074,546.178,37904.75320000001,4298.42086,298310.40768400003,8.818297331527088,0.11340057636871267,61.53000000000001,77.27000000000001,61.53000000000001,14.136870713065694,23.370451429101664,4816.360000000001,546.178,61.9369,334255.3840000001,37904.75320000001,4298.42086,487.443403
-992,-1081,1467.18,67.9,8.41,6,6,4610.410000000001,70.7281,313046.8390000001,594.8233210000001,4.218036034566123,2.1294214739967474,8.240145629781066,2.9,0.014727540500714686,0.1189060642078608,571.0390000000001,38773.54810000001,4802.43799,326085.53952100006,8.073721759713749,0.12385861561101051,59.49000000000001,76.31,59.49000000000001,14.96629537411222,23.896422326365094,4610.410000000001,571.0390000000001,70.7281,313046.8390000001,38773.54810000001,4802.43799,594.823321
-1463,-749,1643.58,66.1,7.55,6,7,4369.209999999999,57.0025,288804.7809999999,430.36887499999995,4.191168746859153,2.0215475632741784,8.130190649671137,2.7477263328068173,0.015128593040824315,0.1324503311240735,499.05499999999995,32987.53549999999,3767.8652499999994,249055.89302499994,8.754966887301258,0.11422087745822357,58.55,73.64999999999999,58.55,13.552070604190696,22.339538938841148,4369.209999999999,499.05499999999995,57.0025,288804.7809999999,32987.53549999999,3767.8652499999994,430.36887499999995
-1914,-932,2128.85,67.2,7.24,6,8,4515.84,52.4176,303464.44800000003,379.50342400000005,4.207673247530592,1.9796212064114371,8.19756061276768,2.6907248094147422,0.014880952380930236,0.1381215469594182,486.528,32694.681600000004,3522.46272,236709.494784,9.281767955672905,0.10773809523793491,59.96,74.44,59.96,13.071681891438647,22.05737971745511,4515.84,486.528,52.4176,303464.44800000003,32694.681600000004,3522.46272,379.503424
-2222,-1150,2501.96,67.6,7.17,6,9,4569.759999999999,51.408899999999996,308915.7759999999,368.601813,4.213607983050398,1.969905654625476,8.221921916437786,2.677685567799177,0.014792899408262141,0.1394700139450562,484.69199999999995,32765.179199999995,3475.2416399999993,234926.33486399995,9.4281729426858,0.10606508875723955,60.42999999999999,74.77,60.42999999999999,12.964878962133255,22.01572165521721,4569.759999999999,484.69199999999995,51.408899999999996,308915.77599999995,32765.179199999995,3475.2416399999993,368.601813
-162,-1065,1077.25,66.9,8.9,7,0,4475.610000000001,79.21000000000001,299418.30900000007,704.969,4.203198967135678,2.18605127674933,8.179242018671413,2.9832867780352594,0.014947683109095741,0.11235955056053529,595.4100000000001,39832.929000000004,5299.149000000001,354513.0681000001,7.516853932499811,0.1330343796709521,58.00000000000001,75.80000000000001,58.00000000000001,15.710026385203548,24.40102456865285,4475.610000000001,595.4100000000001,79.21000000000001,299418.30900000007,39832.92900000001,5299.149000000001,704.969
-526,-598,796.42,66.7,7.53,7,1,4448.89,56.700900000000004,296740.96300000005,426.957777,4.200204952923078,2.0188950418250826,8.167006795638168,2.7440845468024486,0.014992503748103458,0.1328021248322337,502.25100000000003,33500.1417,3781.9500300000004,252256.06700100005,8.857901726309988,0.11289355322321905,59.17,74.23,59.17,13.53229152631883,22.410957141541278,4448.89,502.25100000000003,56.700900000000004,296740.96300000005,33500.1417,3781.9500300000004,426.957777
-246,-981,1011.37,66.9,7.13,7,2,4475.610000000001,50.8369,299418.30900000007,362.46709699999997,4.203198967135678,1.9643112344402298,8.179242018671413,2.670205984563738,0.014947683109095741,0.14025245441598524,476.997,31911.099300000005,3400.9886100000003,227526.13800900002,9.382889200429414,0.10657698056785264,59.77,74.03,59.77,12.886586518961385,21.840260987451593,4475.610000000001,476.997,50.8369,299418.30900000007,31911.099300000005,3400.9886100000003,362.46709699999997
-816,-1138,1400.32,67.2,7.1,7,3,4515.84,50.41,303464.44800000003,357.91099999999994,4.207673247530592,1.9600947840613543,8.19756061276768,2.6645825188948455,0.014880952380930236,0.14084507042055147,477.12,32062.464,3387.552,227643.4944,9.46478873226106,0.10565476190460467,60.1,74.3,60.1,12.843068640628745,21.843076706361675,4515.84,477.12,50.41,303464.44800000003,32062.464,3387.552,357.91099999999994
-961,-1414,1709.65,68.3,9.17,7,4,4664.889999999999,84.0889,318611.98699999996,771.095213,4.223909766578209,2.2159372862792788,8.264381404557755,3.028200785945344,0.0146412884333607,0.10905125408823281,626.3109999999999,42777.0413,5743.27187,392265.46872099995,7.448200654226301,0.13426061493391764,59.129999999999995,77.47,59.129999999999995,16.169123531668813,25.026206264633878,4664.889999999999,626.3109999999999,84.0889,318611.98699999996,42777.04129999999,5743.27187,771.095213
-976,-1059,1440.16,68.2,8.59,7,5,4651.240000000001,73.7881,317214.568,633.839779,4.222444564850883,2.1505987360078054,8.258329128825032,2.930870177950569,0.014662756598218968,0.11641443538863312,585.838,39954.151600000005,5032.34842,343206.16224400006,7.939464493504779,0.12595307917870094,59.61,76.79,59.61,15.258184659440994,24.204090563373786,4651.240000000001,585.838,73.7881,317214.5680000001,39954.1516,5032.34842,633.839779
-646,-744,985.32,66.6,9.11,7,6,4435.5599999999995,82.9921,295408.2959999999,756.0580309999999,4.198704577547845,2.209372711282844,8.160882305241266,3.018277654557314,0.01501501501499247,0.10976948408221988,606.7259999999999,40407.95159999999,5527.273859999999,368116.43907599995,7.310647639875843,0.1367867867865814,57.489999999999995,75.71,57.489999999999995,16.02763175271955,24.631808703381893,4435.5599999999995,606.7259999999999,82.9921,295408.2959999999,40407.951599999986,5527.273859999999,756.0580309999999
-170,-619,641.92,66.3,8.35,7,7,4395.69,69.7225,291434.247,582.182875,4.194189897193325,2.1222615388747403,8.142481194328912,2.8896366553599777,0.015082956259404099,0.11976047904048191,553.6049999999999,36704.01149999999,4622.60175,306478.49602499994,7.940119760383951,0.12594268476602422,57.949999999999996,74.64999999999999,57.949999999999996,14.832016074996876,23.52881212471212,4395.69,553.6049999999999,69.7225,291434.247,36704.01149999999,4622.60175,582.182875
136,-880,890.45,68.6,7.74,7,8,4705.959999999999,59.9076,322828.8559999999,463.68482400000005,4.228292534733297,2.046401687614556,8.282511696339462,2.7820855486487113,0.01457725947519741,0.1291989664065995,530.9639999999999,36424.130399999995,4109.66136,281922.76929599995,8.863049095492725,0.11282798833802796,60.85999999999999,76.33999999999999,60.85999999999999,13.910505632677612,23.04265609689994,4705.959999999999,530.9639999999999,59.9076,322828.8559999999,36424.130399999995,4109.66136,463.68482400000005
146,-1375,1382.73,67.6,6.62,7,9,4569.759999999999,43.824400000000004,308915.7759999999,290.117528,4.213607983050398,1.8900953699640226,8.221921916437786,2.5729360660537215,0.014792899408262141,0.15105740181040697,447.51199999999994,30251.811199999996,2962.5294400000002,200266.99014399998,10.211480362383512,0.09792899408269538,60.98,74.22,60.98,12.059067636739343,21.15447943108031,4569.759999999999,447.51199999999994,43.824400000000004,308915.77599999995,30251.811199999993,2962.5294400000002,290.11752800000005
-555,-473,729.21,66.7,7.36,8,0,4448.89,54.1696,296740.96300000005,398.688256,4.200204952923078,1.9960599327543718,8.167006795638168,2.7129319932501073,0.014992503748103458,0.13586956521554525,490.91200000000003,32743.830400000003,3613.11232,240994.59174400003,9.062499999876868,0.11034482758604146,59.34,74.06,59.34,13.257142857124958,22.156534024977823,4448.89,490.91200000000003,54.1696,296740.96300000005,32743.830400000003,3613.11232,398.688256
-535,-794,957.42,68.2,7.99,8,1,4651.240000000001,63.84010000000001,317214.568,510.08239900000007,4.222444564850883,2.078190759790699,8.258329128825032,2.826658805020514,0.014662756598218968,0.12515644555537978,544.918,37163.407600000006,4353.89482,296935.6267240001,8.535669586876901,0.11715542521976956,60.21,76.19,60.21,14.304186901149357,23.343478746750666,4651.240000000001,544.918,63.84010000000001,317214.5680000001,37163.4076,4353.89482,510.08239900000007
-795,-1023,1295.59,67.6,8.54,8,2,4569.759999999999,72.93159999999999,308915.7759999999,622.8358639999998,4.213607983050398,2.144761007812188,8.221921916437786,2.9223278392404914,0.014792899408262141,0.11709601873399186,577.3039999999999,39025.75039999999,4930.176159999999,333279.9084159999,7.915690866417849,0.12633136094655867,59.059999999999995,76.13999999999999,59.059999999999995,15.164276333050742,24.027151308467673,4569.759999999999,577.3039999999999,72.93159999999999,308915.77599999995,39025.75039999999,4930.176159999999,622.8358639999998
-579,-718,922.37,65.7,7.33,8,3,4316.490000000001,53.7289,283593.39300000004,393.832837,4.185098925492087,1.9919755159122028,8.105553651663778,2.7073972741361767,0.015220700152183833,0.1364256480199669,481.581,31639.871700000007,3529.9887300000005,231920.25956100004,8.963165074911826,0.1115677321155075,58.370000000000005,73.03,58.370000000000005,13.188580035583747,21.944953861879046,4316.490000000001,481.581,53.7289,283593.39300000004,31639.871700000003,3529.9887300000005,393.83283700000004
-889,-627,1087.86,66.9,7.34,8,4,4475.610000000001,53.8756,299418.30900000007,395.44690399999996,4.203198967135678,1.9933388426400482,8.179242018671413,2.7092434368288134,0.014947683109095741,0.13623978201449266,491.04600000000005,32850.9774,3604.2776400000002,241126.17411600004,9.114441416769559,0.10971599402076274,59.56,74.24000000000001,59.56,13.228609913775284,22.15955775731998,4475.610000000001,491.04600000000005,53.8756,299418.30900000007,32850.9774,3604.2776400000002,395.44690399999996
-1119,-1133,1592.44,68.0,8.89,8,5,4624.0,79.03210000000001,314432.0,702.5953690000001,4.219507705177577,2.184927049537062,8.246211251235321,2.981610303175115,0.01470588235291955,0.11248593925632748,604.52,41107.36,5374.1828000000005,365444.43040000007,7.649043869430269,0.1307352941174548,59.11,76.89,59.11,15.724281440999187,24.58698842884179,4624.0,604.52,79.03210000000001,314432.0,41107.36,5374.1828000000005,702.5953690000001
-1187,-793,1427.52,67.4,7.55,8,6,4542.760000000001,57.0025,306182.0240000001,430.36887499999995,4.210645017919745,2.0215475632741784,8.209750300709517,2.7477263328068173,0.014836795252203504,0.1324503311240735,508.87,34297.83800000001,3841.9685,258948.67690000005,8.927152317762555,0.11201780415413645,59.85000000000001,74.95,59.85000000000001,13.578919279501562,22.558147087028225,4542.760000000001,508.87,57.0025,306182.0240000001,34297.838,3841.9685,430.36887499999995
-1530,-1135,1905.03,66.0,8.98,8,7,4356.0,80.64040000000001,287496.0,724.1507920000001,4.18965474202794,2.194999882325244,8.12403840463596,2.9966648127543394,0.015151515151492195,0.1113585746090049,592.6800000000001,39116.880000000005,5322.266400000001,351269.5824000001,7.3496659241943245,0.1360606060603999,57.019999999999996,74.98,57.019999999999996,15.809015737508924,24.345020024637485,4356.0,592.6800000000001,80.64040000000001,287496.0,39116.880000000005,5322.266400000001,724.1507920000001
-1101,-1300,1703.58,66.5,6.87,8,8,4422.25,47.1969,294079.625,324.242703,4.197201947663312,1.927164106248814,8.154753215150045,2.6210684844162313,0.015037593984939793,0.1455604075670224,456.855,30380.857500000002,3138.5938499999997,208716.491025,9.67976710320699,0.10330827067653638,59.63,73.37,59.63,12.453455090619526,21.37416665042172,4422.25,456.855,47.1969,294079.625,30380.857500000002,3138.5938499999997,324.242703
-1427,-1445,2030.85,68.6,6.92,8,9,4705.959999999999,47.8864,322828.8559999999,331.37388799999997,4.228292534733297,1.934415769644029,8.282511696339462,2.630589287593181,0.01457725947519741,0.14450867051814295,474.71199999999993,32565.243199999994,3285.00704,225351.48294399996,9.913294797544605,0.10087463556836608,61.67999999999999,75.52,61.67999999999999,12.571822033881658,21.787886542755814,4705.959999999999,474.71199999999993,47.8864,322828.8559999999,32565.243199999994,3285.00704,331.373888
-334,-927,985.33,66.1,8.99,9,0,4369.209999999999,80.82010000000001,288804.7809999999,726.5726990000001,4.191168746859153,2.1961128484946526,8.130190649671137,2.99833287011299,0.015128593040824315,0.11123470522679382,594.2389999999999,39279.19789999999,5342.208610000001,353119.989121,7.3526140154910715,0.13600605143701058,57.10999999999999,75.08999999999999,57.10999999999999,15.827380476740142,24.377017865194254,4369.209999999999,594.2389999999999,80.82010000000001,288804.7809999999,39279.19789999999,5342.208610000001,726.5726990000001
63,-948,950.09,66.1,7.3,9,1,4369.209999999999,53.29,288804.7809999999,389.017,4.191168746859153,1.987874348168044,8.130190649671137,2.701851217221259,0.015128593040824315,0.13698630136798648,482.53,31895.232999999993,3522.4689999999996,232835.20089999994,9.054794520423906,0.11043872919801749,58.8,73.39999999999999,58.8,13.147956403251843,21.966565503054863,4369.209999999999,482.53,53.29,288804.7809999999,31895.232999999997,3522.4689999999996,389.017
-314,-1083,1127.6,65.7,7.31,9,2,4316.490000000001,53.436099999999996,283593.39300000004,390.61789099999993,4.185098925492087,1.989243273775367,8.105553651663778,2.7037011669191546,0.015220700152183833,0.13679890560688374,480.267,31553.541900000004,3510.75177,230656.39128900002,8.987688098372262,0.11126331811246382,58.39,73.01,58.39,13.156197781107853,21.914994866529174,4316.490000000001,480.267,53.436099999999996,283593.39300000004,31553.5419,3510.75177,390.61789099999993
-820,-1324,1557.36,67.2,8.48,9,3,4515.84,71.91040000000001,303464.44800000003,609.800192,4.207673247530592,2.137710449815604,8.19756061276768,2.9120439557122073,0.014880952380930236,0.11792452830049617,569.8560000000001,38294.323200000006,4832.378880000001,324735.86073600006,7.924528301793343,0.1261904761902884,58.72,75.68,58.72,15.059619450297227,23.871656833994578,4515.84,569.8560000000001,71.91040000000001,303464.44800000003,38294.323200000006,4832.378880000001,609.8001920000002
-764,-824,1123.69,66.8,7.58,9,4,4462.24,57.4564,298077.632,435.519512,4.201703080544097,2.025513199667473,8.17312669668102,2.753179979587241,0.01497005988021711,0.13192612137029122,506.344,33823.7792,3838.08752,256384.246336,8.812664907535453,0.1134730538920457,59.22,74.38,59.22,13.615057811221277,22.502088791932184,4462.24,506.344,57.4564,298077.632,33823.7792,3838.08752,435.519512
-673,-1115,1302.36,66.9,8.4,9,5,4475.610000000001,70.56,299418.30900000007,592.7040000000001,4.203198967135678,2.1282317058611726,8.179242018671413,2.898275349237888,0.014947683109095741,0.11904761904620181,561.96,37595.124,4720.464000000001,315799.04160000006,7.964285714190901,0.12556053811640425,58.50000000000001,75.30000000000001,58.50000000000001,14.925896414322805,23.705695518166095,4475.610000000001,561.96,70.56,299418.30900000007,37595.124,4720.464000000001,592.7040000000001
-638,-662,919.4,67.2,7.95,9,6,4515.84,63.2025,303464.44800000003,502.459875,4.207673247530592,2.073171928678819,8.19756061276768,2.819574435974337,0.014880952380930236,0.12578616352043037,534.24,35900.928,4247.2080000000005,285412.3776,8.452830188572921,0.11830357142839537,59.25,75.15,59.25,14.217964071837367,23.113632341109867,4515.84,534.24,63.2025,303464.44800000003,35900.928,4247.2080000000005,502.459875
-1045,-864,1355.92,68.0,8.02,9,7,4624.0,64.32039999999999,314432.0,515.8496079999999,4.219507705177577,2.081938421890892,8.246211251235321,2.831960451701259,0.01470588235291955,0.12468827930019093,545.36,37084.479999999996,4373.7872,297417.52959999995,8.478802992412984,0.11794117647041479,59.980000000000004,76.02,59.980000000000004,14.34780320966279,23.352944139872385,4624.0,545.36,64.32039999999999,314432.0,37084.48,4373.7872,515.8496079999999
-1352,-1149,1774.29,66.9,7.12,9,8,4475.610000000001,50.6944,299418.30900000007,360.94412800000003,4.203198967135678,1.9629077254379295,8.179242018671413,2.6683328128252666,0.014947683109095741,0.14044943820027458,476.32800000000003,31866.343200000003,3391.4553600000004,226888.36358400004,9.39606741559837,0.10642750373676169,59.78000000000001,74.02000000000001,59.78000000000001,12.87025128341952,21.824939862460102,4475.610000000001,476.32800000000003,50.6944,299418.30900000007,31866.343200000007,3391.4553600000004,360.94412800000003
-1904,-984,2143.24,66.4,7.3,9,9,4408.960000000001,53.29,292754.9440000001,389.017,4.195697056483894,1.987874348168044,8.148619514985345,2.701851217221259,0.015060240963832738,0.13698630136798648,484.72,32185.408000000007,3538.456,234953.47840000005,9.095890410834304,0.109939759035979,59.10000000000001,73.7,59.10000000000001,13.153867028476046,22.016357555236063,4408.960000000001,484.72,53.29,292754.9440000001,32185.408000000003,3538.456,389.017
-1939,-991,2177.57,69.4,7.51,10,0,4816.360000000001,56.400099999999995,334255.3840000001,423.56475099999994,4.239886867514199,2.016235465789359,8.330666239863412,2.7404379212089442,0.014409221901996528,0.133155792275191,521.1940000000001,36170.863600000004,3914.16694,271643.185636,9.241011983898256,0.10821325648399391,61.89000000000001,76.91000000000001,61.89000000000001,13.553348069154136,22.829673672656824,4816.360000000001,521.1940000000001,56.400099999999995,334255.3840000001,36170.86360000001,3914.16694,423.56475099999994
-1688,-1401,2193.66,67.1,8.24,10,1,4502.409999999999,67.8976,302111.71099999995,559.476224,4.2061840439791265,2.1090003439335163,8.191458966508957,2.870540018881465,0.014903129657205808,0.12135922329949807,552.904,37099.85839999999,4555.928959999999,305702.83321599994,8.14320388339632,0.12280178837537586,58.85999999999999,75.33999999999999,58.85999999999999,14.677568356763105,23.513910776389366,4502.409999999999,552.904,67.8976,302111.7109999999,37099.8584,4555.928959999999,559.476224
-1933,-1132,2240.07,66.0,8.68,10,2,4356.0,75.3424,287496.0,653.9720319999999,4.18965474202794,2.1610215286837797,8.12403840463596,2.946183972531247,0.015151515151492195,0.11520737327056213,572.88,37810.08,4972.5984,328191.49439999997,7.603686635857101,0.13151515151495224,57.32,74.68,57.32,15.342260310638265,23.93491173996679,4356.0,572.88,75.3424,287496.0,37810.08,4972.5984,653.972032
-1582,-772,1760.31,66.0,8.01,10,3,4356.0,64.1601,287496.0,513.9224009999999,4.18965474202794,2.080690761092752,8.12403840463596,2.8301943396169813,0.015151515151492195,0.12484394506710557,528.66,34891.56,4234.5666,279481.3956,8.239700374428967,0.12136363636345247,57.99,74.01,57.99,14.286177543555887,22.992607507631664,4356.0,528.66,64.1601,287496.0,34891.56,4234.5666,513.922401
-1227,-596,1364.09,66.8,8.78,10,4,4462.24,77.0884,298077.632,676.8361519999999,4.201703080544097,2.1724764076584147,8.17312669668102,2.9631064780058107,0.01497005988021711,0.11389521639961396,586.5039999999999,39178.46719999999,5149.505119999999,343986.9420159999,7.608200455494212,0.1314371257483062,58.019999999999996,75.58,58.019999999999996,15.520084678465835,24.21784466049776,4462.24,586.5039999999999,77.0884,298077.632,39178.46719999999,5149.505119999999,676.8361519999999
-845,-903,1236.7,69.0,8.85,10,5,4761.0,78.32249999999999,328509.0,693.1541249999999,4.234106504598708,2.1804174590311374,8.306623862918075,2.9748949561287032,0.014492753623167402,0.1129943502812091,610.65,42134.85,5404.2525,372893.4224999999,7.796610169403428,0.1282608695650315,60.15,77.85,60.15,15.68786127165615,24.711333432253305,4761.0,610.65,78.32249999999999,328509.0,42134.85,5404.2525,693.1541249999999
-806,-498,947.44,68.2,8.09,10,6,4651.240000000001,65.4481,317214.568,529.4751289999999,4.222444564850883,2.090628731082761,8.258329128825032,2.8442925306655784,0.014662756598218968,0.12360939431243993,551.738,37628.5316,4463.56042,304414.820644,8.430160692108403,0.11862170087959145,60.11,76.29,60.11,14.464228601370476,23.48910385689501,4651.240000000001,551.738,65.4481,317214.5680000001,37628.5316,4463.56042,529.4751289999999
-769,-841,1139.58,65.7,7.06,10,7,4316.490000000001,49.843599999999995,283593.39300000004,351.89581599999997,4.185098925492087,1.954445051519315,8.105553651663778,2.6570660511172846,0.015220700152183833,0.1416430594880787,463.842,30474.419400000002,3274.7245199999998,215149.400964,9.305949008366772,0.10745814307441785,58.64,72.76,58.64,12.749917537090777,21.53699143334556,4316.490000000001,463.842,49.843599999999995,283593.39300000004,30474.4194,3274.7245199999998,351.89581599999997
-1093,-814,1362.81,68.7,7.85,10,8,4719.6900000000005,61.622499999999995,324242.70300000004,483.73662499999995,4.229749199229759,2.060513531807056,8.28854631404084,2.80178514522438,0.014556040756892931,0.12738853503022435,539.295,37049.5665,4233.465749999999,290839.097025,8.751592356576413,0.1142649199416095,60.85,76.55,60.85,14.090006531660235,23.222725938183913,4719.6900000000005,539.295,61.622499999999995,324242.70300000004,37049.5665,4233.465749999999,483.73662499999995
-943,-1314,1617.36,68.0,7.27,10,9,4624.0,52.85289999999999,314432.0,384.24058299999996,4.219507705177577,1.983756291559183,8.246211251235321,2.6962937525425525,0.01470588235291955,0.13755158184129915,494.35999999999996,33616.479999999996,3593.9971999999993,244391.80959999995,9.353507565208343,0.10691176470572512,60.730000000000004,75.27,60.730000000000004,13.135645011275228,22.2342078788519,4624.0,494.35999999999996,52.85289999999999,314432.0,33616.479999999996,3593.9971999999993,384.2405829999999
-573,-1262,1385.99,69.1,9.19,11,0,4774.8099999999995,84.45609999999999,329939.3709999999,776.1515589999999,4.235554730775071,2.218115936378477,8.312640976248161,3.0315012782448236,0.014471780028922618,0.10881392818162336,635.0289999999999,43880.503899999996,5835.916509999999,403261.8308409999,7.519042437350174,0.13299565846579886,59.91,78.28999999999999,59.91,16.22248052111863,25.1997817450866,4774.8099999999995,635.0289999999999,84.45609999999999,329939.3709999999,43880.50389999999,5835.916509999999,776.1515589999999
-297,-909,956.29,65.6,7.45,11,1,4303.36,55.502500000000005,282300.4159999999,413.493625,4.183575695951568,2.008214032404891,8.099382692526634,2.7294688127912363,0.015243902439001153,0.13422818791766136,488.71999999999997,32060.032,3640.964,238847.2384,8.805369127398585,0.1135670731705586,58.14999999999999,73.05,58.14999999999999,13.380424366853688,22.107012462112557,4303.36,488.71999999999997,55.502500000000005,282300.41599999997,32060.031999999996,3640.964,413.49362500000007
-768,-1097,1339.12,65.7,6.87,11,2,4316.490000000001,47.1969,283593.39300000004,324.242703,4.185098925492087,1.927164106248814,8.105553651663778,2.6210684844162313,0.015220700152183833,0.1455604075670224,451.35900000000004,29654.286300000003,3100.83633,203724.94688100004,9.563318777153373,0.10456621004550294,58.830000000000005,72.57000000000001,58.830000000000005,12.439272426605429,21.24521122512083,4316.490000000001,451.35900000000004,47.1969,283593.39300000004,29654.286300000003,3100.83633,324.242703
-1032,-874,1352.37,66.3,7.44,11,3,4395.69,55.35360000000001,291434.247,411.83078400000005,4.194189897193325,2.0068708488584415,8.142481194328912,2.727636339397171,0.015082956259404099,0.13440860214873107,493.272,32703.9336,3669.9436800000003,243317.265984,8.91129032246087,0.1122171945699665,58.86,73.74,58.86,13.37868185514866,22.209727598509623,4395.69,493.272,55.35360000000001,291434.247,32703.933599999997,3669.9436800000003,411.83078400000005
-1172,-464,1260.51,66.6,7.62,11,4,4435.5599999999995,58.0644,295408.2959999999,442.450728,4.198704577547845,2.030776369711678,8.160882305241266,2.760434748368452,0.01501501501499247,0.1312335957988027,507.49199999999996,33798.9672,3867.0890399999994,257548.13006399997,8.74015748020026,0.11441441441424263,58.98,74.22,58.98,13.675343573142447,22.527583092733227,4435.5599999999995,507.49199999999996,58.0644,295408.2959999999,33798.96719999999,3867.0890399999994,442.450728
-1174,-812,1427.45,64.0,7.53,11,5,4096.0,56.700900000000004,262144.0,426.957777,4.158883083361235,2.0188950418250826,8.0,2.7440845468024486,0.015624999999975586,0.1328021248322337,481.92,30842.88,3628.8576000000003,232246.88640000002,8.499335989262956,0.11765624999981616,56.47,71.53,56.47,13.474626031017092,21.95267637441959,4096.0,481.92,56.700900000000004,262144.0,30842.88,3628.8576000000003,426.957777
-759,-877,1159.83,68.6,8.78,11,6,4705.959999999999,77.0884,322828.8559999999,676.8361519999999,4.228292534733297,2.1724764076584147,8.282511696339462,2.9631064780058107,0.01457725947519741,0.11389521639961396,602.3079999999999,41318.32879999999,5288.2642399999995,362774.9268639999,7.813211845013517,0.12798833819223326,59.81999999999999,77.38,59.81999999999999,15.567536831202418,24.541964061582355,4705.959999999999,602.3079999999999,77.0884,322828.8559999999,41318.32879999999,5288.2642399999995,676.8361519999999
-1056,-501,1168.82,67.1,7.83,11,7,4502.409999999999,61.3089,302111.71099999995,480.04868700000003,4.2061840439791265,2.057962510015483,8.191458966508957,2.7982137159266447,0.014903129657205808,0.127713920815738,525.3929999999999,35253.870299999995,4113.82719,276037.80444899993,8.56960408673602,0.11669150521592148,59.269999999999996,74.92999999999999,59.269999999999996,14.023568664067763,22.92145283353566,4502.409999999999,525.3929999999999,61.3089,302111.7109999999,35253.87029999999,4113.82719,480.04868700000003
-1610,-521,1692.2,68.6,7.92,11,8,4705.959999999999,62.7264,322828.8559999999,496.793088,4.228292534733297,2.0693912058389605,8.282511696339462,2.814249455894058,0.01457725947519741,0.12626262626103205,543.3119999999999,37271.203199999996,4303.03104,295187.92934399995,8.661616161506798,0.11545189504356348,60.67999999999999,76.52,60.67999999999999,14.200522739134602,23.3090540348595,4705.959999999999,543.3119999999999,62.7264,322828.8559999999,37271.20319999999,4303.03104,496.79308799999995
-1448,-1071,1801.04,68.0,7.1,11,9,4624.0,50.41,314432.0,357.91099999999994,4.219507705177577,1.9600947840613543,8.246211251235321,2.6645825188948455,0.01470588235291955,0.14084507042055147,482.79999999999995,32830.4,3427.8799999999997,233095.84,9.577464788597501,0.1044117647057288,60.9,75.1,60.9,12.857523302246527,21.972710347155626,4624.0,482.79999999999995,50.41,314432.0,32830.399999999994,3427.8799999999997,357.91099999999994
-1287,-1017,1640.32,65.9,6.56,12,0,4342.81,43.03359999999999,286191.17900000006,282.3004159999999,4.188138441509979,1.8809906029712415,8.117881497040962,2.5612496949731396,0.015174506828505045,0.15243902438792015,432.30400000000003,28488.8336,2835.9142399999996,186886.748416,10.045731707163938,0.09954476479499309,59.34,72.46000000000001,59.34,11.93221087494903,20.791921508124254,4342.81,432.30400000000003,43.03359999999999,286191.17900000006,28488.833600000005,2835.9142399999996,282.3004159999999
-1666,-1069,1979.47,68.1,8.2,12,1,4637.61,67.24,315821.2409999999,551.3679999999998,4.220977213156935,2.1041341542824026,8.252272414311102,2.8635642126552705,0.014684287812019555,0.12195121951070792,558.42,38028.401999999995,4579.043999999999,311832.89639999997,8.304878048679209,0.12041116005856033,59.89999999999999,76.3,59.89999999999999,14.637483617280946,23.63091195870358,4637.61,558.42,67.24,315821.241,38028.401999999995,4579.043999999999,551.3679999999999
-1681,-572,1775.65,67.0,7.32,12,2,4489.0,53.58240000000001,300763.0,392.22316800000004,4.204692619392459,1.9906103279868814,8.18535277187245,2.705549851693737,0.01492537313430608,0.1366120218560572,490.44,32859.48,3590.0208000000002,240531.39360000004,9.153005464355832,0.10925373134312052,59.68,74.32,59.68,13.198062432705601,22.145879978000423,4489.0,490.44,53.58240000000001,300763.0,32859.48,3590.0208000000002,392.22316800000004
-1895,-982,2134.33,66.5,8.46,12,3,4422.25,71.57160000000002,294079.625,605.4957360000002,4.197201947663312,2.1353491736299524,8.154753215150045,2.9086079144497976,0.015037593984939793,0.11820330969127418,562.59,37412.235,4759.511400000001,316507.5081000001,7.860520094469733,0.12721804511259066,58.04,74.96000000000001,58.04,15.010405549606443,23.718979741970355,4422.25,562.59,71.57160000000002,294079.625,37412.235,4759.511400000001,605.4957360000002
-1651,-1280,2089.07,68.1,7.32,12,4,4637.61,53.58240000000001,315821.2409999999,392.22316800000004,4.220977213156935,1.9906103279868814,8.252272414311102,2.705549851693737,0.014684287812019555,0.1366120218560572,498.49199999999996,33947.3052,3648.96144,248494.27406400003,9.303278688397494,0.10748898678398314,60.779999999999994,75.41999999999999,60.779999999999994,13.219093078741423,22.32693440667572,4637.61,498.49199999999996,53.58240000000001,315821.241,33947.305199999995,3648.96144,392.22316800000004
-2235,-1178,2526.44,66.6,8.72,12,5,4435.5599999999995,76.03840000000001,295408.2959999999,663.0548480000001,4.198704577547845,2.1656192379323564,8.160882305241266,2.95296461204668,0.01501501501499247,0.11467889908125367,580.752,38678.0832,5064.15744,337272.885504,7.637614678811494,0.13093093093073435,57.879999999999995,75.32,57.879999999999995,15.42092405733481,24.09879665045539,4435.5599999999995,580.752,76.03840000000001,295408.2959999999,38678.083199999994,5064.15744,663.0548480000001
-1833,-1425,2321.75,66.4,8.67,12,6,4408.960000000001,75.1689,292754.9440000001,651.7143629999999,4.195697056483894,2.1598687908039844,8.148619514985345,2.9444863728670914,0.015060240963832738,0.11534025374722791,575.688,38225.68320000001,4991.21496,331416.67334400007,7.658592848815934,0.13057228915642985,57.730000000000004,75.07000000000001,57.730000000000004,15.337365125862076,23.993499119553196,4408.960000000001,575.688,75.1689,292754.9440000001,38225.6832,4991.21496,651.7143629999999
-1354,-1227,1827.25,67.3,7.06,12,7,4529.29,49.843599999999995,304821.21699999995,351.89581599999997,4.209160236652168,1.954445051519315,8.203657720797473,2.6570660511172846,0.01485884101037911,0.1416430594880787,475.138,31976.787399999997,3354.4742799999995,225756.11904399996,9.532577903547697,0.10490341753327652,60.239999999999995,74.36,60.239999999999995,12.779397525534185,21.797660424917165,4529.29,475.138,49.843599999999995,304821.217,31976.787399999997,3354.4742799999995,351.89581599999997
-1917,-1183,2252.64,65.2,8.0,12,8,4251.04,64.0,277167.808,512.0,4.177459468934141,2.079441541692336,8.07465169527454,2.8284271247461903,0.015337423312859911,0.1249999999984375,521.6,34008.32,4172.8,272066.56,8.149999999898125,0.12269938650287929,57.2,73.2,57.2,14.25136612019911,22.838563877792318,4251.04,521.6,64.0,277167.808,34008.32,4172.8,512.0
-1487,-1437,2067.88,66.1,8.69,12,9,4369.209999999999,75.5161,288804.7809999999,656.2349089999999,4.191168746859153,2.162172939288808,8.130190649671137,2.947880594596735,0.015128593040824315,0.1150747986177782,574.4089999999999,37968.43489999999,4991.614209999999,329945.6992809999,7.606444188635138,0.1314674735247633,57.41,74.78999999999999,57.41,15.360582965616578,23.966831246537367,4369.209999999999,574.4089999999999,75.5161,288804.7809999999,37968.434899999986,4991.614209999999,656.2349089999999
-1183,-921,1499.24,65.0,8.27,13,0,4225.0,68.3929,274625.0,565.6092829999999,4.174387269897176,2.112634509047692,8.06225774829855,2.875760768909681,0.015384615384591715,0.12091898427906991,537.55,34940.75,4445.5385,288960.0025,7.859733978139544,0.12723076923057347,56.730000000000004,73.27,56.730000000000004,14.67312679129975,23.18512454139507,4225.0,537.55,68.3929,274625.0,34940.75,4445.5385,565.609283
-873,-834,1207.35,68.0,7.69,13,1,4624.0,59.136100000000006,314432.0,454.7566090000001,4.219507705177577,2.0399207835305564,8.246211251235321,2.7730849247724096,0.01470588235291955,0.13003901170182003,522.9200000000001,35558.560000000005,4021.2548000000006,273445.3264,8.842652795723762,0.11308823529395134,60.31,75.69,60.31,13.817413132495949,22.867444107289298,4624.0,522.9200000000001,59.136100000000006,314432.0,35558.560000000005,4021.2548000000006,454.7566090000001
-1099,-1263,1674.21,65.0,8.63,13,2,4225.0,74.47690000000001,274625.0,642.7356470000002,4.174387269897176,2.155244505106924,8.06225774829855,2.9376861643136762,0.015384615384591715,0.11587485515508834,560.95,36461.75,4840.998500000001,314664.9025000001,7.531865585080743,0.13276923076902652,56.37,73.63,56.37,15.236995789738916,23.684383040307385,4225.0,560.95,74.47690000000001,274625.0,36461.75,4840.998500000001,642.7356470000002
-863,-1019,1335.34,66.9,7.85,13,3,4475.610000000001,61.622499999999995,299418.30900000007,483.73662499999995,4.203198967135678,2.060513531807056,8.179242018671413,2.80178514522438,0.014947683109095741,0.12738853503022435,525.1650000000001,35133.5385,4122.54525,275798.277225,8.52229299352201,0.11733931240640157,59.050000000000004,74.75,59.050000000000004,14.051237458175184,22.916478787108634,4475.610000000001,525.1650000000001,61.622499999999995,299418.30900000007,35133.53850000001,4122.54525,483.73662499999995
-759,-486,901.26,67.0,7.44,13,4,4489.0,55.35360000000001,300763.0,411.83078400000005,4.204692619392459,2.0068708488584415,8.18535277187245,2.727636339397171,0.01492537313430608,0.13440860214873107,498.48,33398.16,3708.6912000000007,248482.31040000005,9.005376343964981,0.11104477611923724,59.56,74.44,59.56,13.392799570105598,22.326665671344657,4489.0,498.48,55.35360000000001,300763.0,33398.16,3708.6912000000007,411.83078400000005
-1080,-985,1461.72,67.5,8.2,13,5,4556.25,67.24,307546.875,551.3679999999998,4.212127597879966,2.1041341542824026,8.215838362577491,2.8635642126552705,0.014814814814792866,0.12195121951070792,553.5,37361.25,4538.7,306362.25,8.231707316972784,0.1214814814813015,59.3,75.7,59.3,14.623513870522293,23.526580712037184,4556.25,553.5,67.24,307546.875,37361.25,4538.7,551.3679999999999
-1332,-473,1413.49,65.6,7.43,13,6,4303.36,55.204899999999995,282300.4159999999,410.17240699999996,4.183575695951568,2.005525858743127,8.099382692526634,2.725802634087802,0.015243902439001153,0.1345895020170311,487.40799999999996,31973.964799999998,3621.441439999999,237566.55846399997,8.82907133231724,0.11326219512177857,58.169999999999995,73.03,58.169999999999995,13.348158291094961,22.077318677774254,4303.36,487.40799999999996,55.204899999999995,282300.41599999997,31973.964799999994,3621.441439999999,410.17240699999996
-1687,-478,1753.41,66.0,7.27,13,7,4356.0,52.85289999999999,287496.0,384.24058299999996,4.18965474202794,1.983756291559183,8.12403840463596,2.6962937525425525,0.015151515151492195,0.13755158184129915,479.82,31668.12,3488.2913999999996,230227.23239999995,9.078404401525745,0.11015151515134824,58.730000000000004,73.27,58.730000000000004,13.097311314299034,21.904793995835707,4356.0,479.82,52.85289999999999,287496.0,31668.12,3488.2913999999996,384.2405829999999
-2250,-602,2329.14,66.6,7.4,13,8,4435.5599999999995,54.760000000000005,295408.2959999999,405.22400000000005,4.198704577547845,2.0014800002236375,8.160882305241266,2.7202941017470885,0.01501501501499247,0.13513513513330896,492.84,32823.144,3647.016,242891.26559999998,8.999999999878376,0.1111111111109443,59.199999999999996,74.0,59.199999999999996,13.319999999981999,22.2,4435.5599999999995,492.84,54.760000000000005,295408.2959999999,32823.14399999999,3647.016,405.22400000000005
-2580,-515,2630.9,65.6,7.32,13,9,4303.36,53.58240000000001,282300.4159999999,392.22316800000004,4.183575695951568,1.9906103279868814,8.099382692526634,2.705549851693737,0.015243902439001153,0.1366120218560572,480.19199999999995,31500.5952,3515.0054400000004,230584.356864,8.961748633757352,0.11158536585348845,58.279999999999994,72.91999999999999,58.279999999999994,13.170378496964934,21.913283642576253,4303.36,480.19199999999995,53.58240000000001,282300.41599999997,31500.595199999992,3515.0054400000004,392.22316800000004
-799,-1534,1729.61,67.9,8.88,14,0,4610.410000000001,78.85440000000001,313046.8390000001,700.2270720000001,4.218036034566123,2.18380155701534,8.240145629781066,2.979932885150268,0.014727540500714686,0.11261261261134445,602.9520000000001,40940.44080000001,5354.2137600000015,363551.1143040001,7.646396396310288,0.1307805596463464,59.02,76.78,59.02,15.70596509505639,24.555080940611866,4610.410000000001,602.9520000000001,78.85440000000001,313046.8390000001,40940.44080000001,5354.2137600000015,700.2270720000001
-519,-1282,1383.07,64.7,8.4,14,1,4186.09,70.56,270840.02300000004,592.7040000000001,4.1697612015084005,2.1282317058611726,8.043631020876083,2.898275349237888,0.015455950540934378,0.11904761904620181,543.48,35163.156,4565.232,295370.5104,7.702380952289257,0.12982998454384878,56.300000000000004,73.10000000000001,56.300000000000004,14.869493844028904,23.312657506170336,4186.09,543.48,70.56,270840.02300000004,35163.156,4565.232,592.7040000000001
-332,-1012,1065.07,67.5,8.35,14,2,4556.25,69.7225,307546.875,582.182875,4.212127597879966,2.1222615388747403,8.215838362577491,2.8896366553599777,0.014814814814792866,0.11976047904048191,563.625,38044.6875,4706.26875,317673.140625,8.083832335232529,0.12370370370352043,59.15,75.85,59.15,14.861568885939537,23.74078768701662,4556.25,563.625,69.7225,307546.875,38044.6875,4706.26875,582.182875
-667,-831,1065.57,66.9,9.72,14,3,4475.610000000001,94.47840000000001,299418.30900000007,918.3300480000001,4.203198967135678,2.274185618482636,8.179242018671413,3.117691453623979,0.014947683109095741,0.10288065843515554,650.2680000000001,43502.929200000006,6320.6049600000015,422848.47182400007,6.882716049311906,0.14529147982041063,57.18000000000001,76.62,57.18000000000001,16.9738449490773,25.500352938734007,4475.610000000001,650.2680000000001,94.47840000000001,299418.30900000007,43502.92920000001,6320.6049600000015,918.3300480000001
-322,-732,799.69,65.8,7.45,14,4,4329.639999999999,55.502500000000005,284890.312,413.493625,4.186619838332791,2.008214032404891,8.1117199162693,2.7294688127912363,0.015197568389034655,0.13422818791766136,490.21,32255.817999999996,3652.0645,240305.8441,8.832214764982117,0.11322188449830818,58.349999999999994,73.25,58.349999999999994,13.384573378821317,22.14068652955459,4329.639999999999,490.21,55.502500000000005,284890.312,32255.817999999996,3652.0645,413.49362500000007
-743,-673,1002.49,66.4,9.26,14,5,4408.960000000001,85.74759999999999,292754.9440000001,794.0227759999999,4.195697056483894,2.225704048668887,8.148619514985345,3.043024810940588,0.015060240963832738,0.1079913606899785,614.864,40826.96960000001,5693.64064,378057.73849600006,7.170626349814573,0.13945783132509115,57.14000000000001,75.66000000000001,57.14000000000001,16.25334390693067,24.796451359015066,4408.960000000001,614.864,85.74759999999999,292754.9440000001,40826.969600000004,5693.64064,794.0227759999999
-452,-765,888.55,66.0,8.44,14,6,4356.0,71.2336,287496.0,601.2115839999999,4.18965474202794,2.132982308619714,8.12403840463596,2.90516780926679,0.015151515151492195,0.11848341232087106,557.04,36764.64,4701.4176,310293.56159999996,7.819905213177489,0.1278787878785941,57.56,74.44,57.56,14.966147232650501,23.60169485439552,4356.0,557.04,71.2336,287496.0,36764.64,4701.4176,601.2115839999999
-175,-990,1005.35,66.1,8.88,14,7,4369.209999999999,78.85440000000001,288804.7809999999,700.2270720000001,4.191168746859153,2.18380155701534,8.130190649671137,2.979932885150268,0.015128593040824315,0.11261261261134445,586.968,38798.5848,5212.27584,344531.43302399997,7.443693693609867,0.13434190620251993,57.21999999999999,74.97999999999999,57.21999999999999,15.656655108007927,24.227422479496244,4369.209999999999,586.968,78.85440000000001,288804.7809999999,38798.5848,5212.27584,700.2270720000001
147,-1191,1200.04,67.2,9.07,14,8,4515.84,82.26490000000001,303464.44800000003,746.142643,4.207673247530592,2.2049722641380707,8.19756061276768,3.0116440692751194,0.014880952380930236,0.11025358324023976,609.504,40958.6688,5528.201280000001,371495.12601600005,7.409040793744112,0.13497023809503725,58.13,76.27000000000001,58.13,15.982797954613892,24.688134801965095,4515.84,609.504,82.26490000000001,303464.44800000003,40958.6688,5528.201280000001,746.1426430000001
251,-723,765.33,67.0,8.95,14,9,4489.0,80.10249999999999,300763.0,716.9173749999999,4.204692619392459,2.191653532297937,8.18535277187245,2.9916550603303182,0.01492537313430608,0.1117318435741706,599.65,40176.549999999996,5366.867499999999,359580.12249999994,7.48603351946943,0.13358208955203943,58.05,75.95,58.05,15.790651744548002,24.487752040561013,4489.0,599.65,80.10249999999999,300763.0,40176.549999999996,5366.867499999999,716.9173749999999
-846,-1260,1517.67,67.1,8.37,15,0,4502.409999999999,70.05689999999998,302111.71099999995,586.3762529999998,4.2061840439791265,2.1246538845133314,8.191458966508957,2.8930952282978866,0.014903129657205808,0.11947431302127272,561.627,37685.171699999984,4700.817989999999,315424.88712899986,8.016726403727398,0.1247391952308126,58.73,75.47,58.73,14.883450377613775,23.698670848805,4502.409999999999,561.627,70.05689999999998,302111.7109999999,37685.17169999999,4700.817989999999,586.3762529999998
-668,-866,1093.7,66.1,7.33,15,1,4369.209999999999,53.7289,288804.7809999999,393.832837,4.191168746859153,1.9919755159122028,8.130190649671137,2.7073972741361767,0.015128593040824315,0.1364256480199669,484.513,32026.309299999994,3551.48029,234752.84716899996,9.017735334119811,0.11089258698924223,58.769999999999996,73.42999999999999,58.769999999999996,13.196595396958742,22.01165600312707,4369.209999999999,484.513,53.7289,288804.7809999999,32026.309299999997,3551.48029,393.83283700000004
-1122,-1056,1540.79,68.2,8.35,15,2,4651.240000000001,69.7225,317214.568,582.182875,4.222444564850883,2.1222615388747403,8.258329128825032,2.8896366553599777,0.014662756598218968,0.11976047904048191,569.47,38837.85400000001,4755.0745,324296.08090000006,8.167664670560868,0.12243401759512838,59.85,76.55,59.85,14.878380143677495,23.863570562679843,4651.240000000001,569.47,69.7225,317214.5680000001,38837.85400000001,4755.0745,582.182875
-1434,-864,1674.17,67.7,7.43,15,3,4583.29,55.204899999999995,310288.73300000007,410.17240699999996,4.215086179919706,2.005525858743127,8.228000972289685,2.725802634087802,0.014771048744439037,0.1345895020170311,503.011,34053.8447,3737.37173,253020.06612099998,9.111709286553006,0.10974889217118204,60.27,75.13,60.27,13.39041661118942,22.42790672354422,4583.29,503.011,55.204899999999995,310288.733,34053.8447,3737.37173,410.17240699999996
-1359,-1169,1792.61,66.2,9.25,15,4,4382.4400000000005,85.5625,290117.52800000005,791.453125,4.192680462944473,2.2246235515351445,8.136338242723197,3.0413812651491097,0.015105740181246063,0.10810810810693937,612.35,40537.57000000001,5664.2375,374972.5225,7.156756756679386,0.13972809667652608,56.95,75.45,56.95,16.231941683212415,24.745706698334562,4382.4400000000005,612.35,85.5625,290117.52800000005,40537.57,5664.2375,791.453125
-1038,-1000,1441.33,65.4,8.16,15,5,4277.160000000001,66.5856,279726.2640000001,543.3384960000001,4.180522258464682,2.0992441689882706,8.087026647662292,2.85657137141714,0.01529051987765246,0.1225490196063413,533.6640000000001,34901.62560000001,4354.698240000001,284797.26489600004,8.014705882254722,0.12477064220164406,57.24000000000001,73.56,57.24000000000001,14.509624796065106,23.10116880159963,4277.160000000001,533.6640000000001,66.5856,279726.2640000001,34901.62560000001,4354.698240000001,543.338496
-486,-905,1027.24,68.2,7.76,15,6,4651.240000000001,60.2176,317214.568,467.288576,4.222444564850883,2.048982334208014,8.258329128825032,2.7856776554368237,0.014662756598218968,0.12886597937978267,529.232,36093.62240000001,4106.84032,280086.509824,8.788659793701177,0.11378299120217919,60.440000000000005,75.96000000000001,60.440000000000005,13.934491837791025,23.00504292541094,4651.240000000001,529.232,60.2176,317214.5680000001,36093.6224,4106.84032,467.288576
-304,-1184,1222.4,66.2,8.48,15,7,4382.4400000000005,71.91040000000001,290117.52800000005,609.800192,4.192680462944473,2.137710449815604,8.136338242723197,2.9120439557122073,0.015105740181246063,0.11792452830049617,561.3760000000001,37163.0912,4760.46848,315143.0133760001,7.806603773492847,0.12809667673696662,57.72,74.68,57.72,15.034172469181797,23.69337460135217,4382.4400000000005,561.3760000000001,71.91040000000001,290117.52800000005,37163.09120000001,4760.46848,609.8001920000002
124,-778,787.82,66.0,8.68,15,8,4356.0,75.3424,287496.0,653.9720319999999,4.18965474202794,2.1610215286837797,8.12403840463596,2.946183972531247,0.015151515151492195,0.11520737327056213,572.88,37810.08,4972.5984,328191.49439999997,7.603686635857101,0.13151515151495224,57.32,74.68,57.32,15.342260310638265,23.93491173996679,4356.0,572.88,75.3424,287496.0,37810.08,4972.5984,653.972032
527,-902,1044.67,66.1,8.49,15,9,4369.209999999999,72.0801,288804.7809999999,611.960049,4.191168746859153,2.1388890003350345,8.130190649671137,2.9137604568666933,0.015128593040824315,0.11778563015173397,561.189,37094.592899999996,4764.49461,314933.09372099995,7.785630153029615,0.12844175491659843,57.60999999999999,74.58999999999999,57.60999999999999,15.04729856547118,23.689428021799092,4369.209999999999,561.189,72.0801,288804.7809999999,37094.592899999996,4764.49461,611.960049
-2076,-1409,2509.0,67.7,6.68,16,0,4583.29,44.6224,310288.73300000007,298.07763199999994,4.215086179919706,1.8991179875635245,8.228000972289685,2.584569596664017,0.014771048744439037,0.14970059880015418,452.236,30616.3772,3020.93648,204517.399696,10.13473053877044,0.09867060561285276,61.02,74.38,61.02,12.160150578096047,21.265841154301892,4583.29,452.236,44.6224,310288.733,30616.3772,3020.93648,298.077632
-2270,-1136,2538.38,65.0,8.3,16,1,4225.0,68.89000000000001,274625.0,571.7870000000001,4.174387269897176,2.1162555148146005,8.06225774829855,2.8809720581775866,0.015384615384591715,0.12048192770939177,539.5,35067.5,4477.850000000001,291060.25000000006,7.831325301110465,0.12769230769211126,56.7,73.3,56.7,14.72032742153517,23.22713929867387,4225.0,539.5,68.89000000000001,274625.0,35067.5,4477.850000000001,571.7870000000001
-1915,-1338,2336.12,66.1,8.72,16,2,4369.209999999999,76.03840000000001,288804.7809999999,663.0548480000001,4.191168746859153,2.1656192379323564,8.130190649671137,2.95296461204668,0.015128593040824315,0.11467889908125367,576.3919999999999,38099.51119999999,5026.13824,332227.73766399996,7.5802752292708675,0.13192133131598804,57.379999999999995,74.82,57.379999999999995,15.407431168116268,24.008165277671676,4369.209999999999,576.3919999999999,76.03840000000001,288804.7809999999,38099.51119999999,5026.13824,663.0548480000001
-1536,-1468,2124.69,67.6,8.3,16,3,4569.759999999999,68.89000000000001,308915.7759999999,571.7870000000001,4.213607983050398,2.1162555148146005,8.221921916437786,2.8809720581775866,0.014792899408262141,0.12048192770939177,561.08,37929.007999999994,4656.964000000001,314810.7664,8.144578313154883,0.12278106508857578,59.3,75.89999999999999,59.3,14.784716732523343,23.687127305775178,4569.759999999999,561.08,68.89000000000001,308915.77599999995,37929.008,4656.964000000001,571.7870000000001
-1775,-1049,2061.8,67.6,7.34,16,4,4569.759999999999,53.8756,308915.7759999999,395.44690399999996,4.213607983050398,1.9933388426400482,8.221921916437786,2.7092434368288134,0.014792899408262141,0.13623978201449266,496.18399999999997,33542.0384,3641.9905599999997,246198.56185599996,9.209809264179702,0.10857988165664412,60.25999999999999,74.94,60.25999999999999,13.242167066969252,22.27518799022805,4569.759999999999,496.18399999999997,53.8756,308915.77599999995,33542.0384,3641.9905599999997,395.44690399999996
-1780,-746,1930.0,66.1,7.17,16,5,4369.209999999999,51.408899999999996,288804.7809999999,368.601813,4.191168746859153,1.969905654625476,8.130190649671137,2.677685567799177,0.015128593040824315,0.1394700139450562,473.93699999999995,31327.235699999994,3398.128289999999,224616.27996899994,9.218967921768215,0.10847201210271033,58.92999999999999,73.27,58.92999999999999,12.936727173450338,21.770094166080217,4369.209999999999,473.93699999999995,51.408899999999996,288804.7809999999,31327.235699999994,3398.128289999999,368.601813
-2089,-642,2185.43,68.2,7.87,16,6,4651.240000000001,61.9369,317214.568,487.44340300000005,4.222444564850883,2.0630580624420185,8.258329128825032,2.8053520278211077,0.014662756598218968,0.12706480304794074,536.734,36605.2588,4224.09658,288083.38675600005,8.665819567869558,0.11539589442798329,60.330000000000005,76.07000000000001,60.330000000000005,14.111581438130521,23.167520367963423,4651.240000000001,536.734,61.9369,317214.5680000001,36605.2588,4224.09658,487.443403
-2118,-1108,2390.31,68.8,8.68,16,7,4733.44,75.3424,325660.67199999996,653.9720319999999,4.231203744940752,2.1610215286837797,8.294576541331088,2.946183972531247,0.014534883720909107,0.11520737327056213,597.184,41086.25919999999,5183.5571199999995,356628.72985599993,7.926267281014674,0.12616279069749103,60.12,77.47999999999999,60.12,15.415178110460229,24.437348465003318,4733.44,597.184,75.3424,325660.67199999996,41086.25919999999,5183.5571199999995,653.972032
-1634,-770,1806.34,67.6,7.44,16,8,4569.759999999999,55.35360000000001,308915.7759999999,411.83078400000005,4.213607983050398,2.0068708488584415,8.221921916437786,2.727636339397171,0.014792899408262141,0.13440860214873107,502.94399999999996,33999.0144,3741.9033600000002,252952.667136,9.08602150525422,0.11005917159747033,60.16,75.03999999999999,60.16,13.40469083153864,22.426412998961737,4569.759999999999,502.94399999999996,55.35360000000001,308915.77599999995,33999.01439999999,3741.9033600000002,411.83078400000005
-1528,-1289,1999.08,69.8,7.58,16,9,4872.04,57.4564,340068.39199999993,435.519512,4.245634009769759,2.025513199667473,8.35463942968217,2.753179979587241,0.01432664756444939,0.13192612137029122,529.084,36930.0632,4010.45672,279929.87905600003,9.208443271646326,0.10859598853852637,62.22,77.38,62.22,13.674954768656402,23.00182601447111,4872.04,529.084,57.4564,340068.392,36930.0632,4010.45672,435.519512
-121,-1330,1335.49,67.7,7.96,17,0,4583.29,63.3616,310288.73300000007,504.358336,4.215086179919706,2.0744289998688545,8.228000972289685,2.821347195933177,0.014771048744439037,0.12562814070193934,538.892,36482.9884,4289.58032,290404.587664,8.505025125521295,0.11757754800573474,59.74,75.66,59.74,14.245096484252915,23.214047471304955,4583.29,538.892,63.3616,310288.733,36482.9884,4289.58032,504.358336
-565,-1450,1556.19,64.7,8.61,17,1,4186.09,74.1321,270840.02300000004,638.2773809999999,4.1697612015084005,2.152924318451254,8.043631020876083,2.9342801502242417,0.015455950540934378,0.11614401858169404,557.067,36042.234899999996,4796.346869999999,310323.642489,7.514518002235604,0.133075734157445,56.09,73.31,56.09,15.197571954692132,23.602266840284642,4186.09,557.067,74.1321,270840.02300000004,36042.2349,4796.346869999999,638.2773809999999
-274,-1135,1167.6,67.1,8.99,17,2,4502.409999999999,80.82010000000001,302111.71099999995,726.5726990000001,4.2061840439791265,2.1961128484946526,8.191458966508957,2.99833287011299,0.014903129657205808,0.11123470522679382,603.2289999999999,40476.66589999999,5423.0287100000005,363885.22644099995,7.463848720717865,0.13397913561828023,58.10999999999999,76.08999999999999,58.10999999999999,15.855670915999664,24.56072067346559,4502.409999999999,603.2289999999999,80.82010000000001,302111.7109999999,40476.66589999999,5423.0287100000005,726.5726990000001
-809,-944,1243.23,67.1,7.78,17,3,4502.409999999999,60.528400000000005,302111.71099999995,470.91095200000007,4.2061840439791265,2.0515563382031536,8.191458966508957,2.7892651361962706,0.014903129657205808,0.12853470436852782,522.038,35028.74979999999,4061.45564,272523.67344399996,8.624678663128217,0.1159463487330612,59.31999999999999,74.88,59.31999999999999,13.94332264955403,22.84815090986577,4502.409999999999,522.038,60.528400000000005,302111.7109999999,35028.7498,4061.45564,470.91095200000007
-1154,-926,1479.59,67.1,7.37,17,4,4502.409999999999,54.316900000000004,302111.71099999995,400.315553,4.2061840439791265,1.9974177062148137,8.191458966508957,2.7147743920996454,0.014903129657205808,0.13568521031023492,494.527,33182.761699999995,3644.66399,244556.95372899997,9.104477611816764,0.10983606557360681,59.73,74.47,59.73,13.2812407680767,22.237963036213547,4502.409999999999,494.527,54.316900000000004,302111.7109999999,33182.761699999995,3644.66399,400.315553
-1297,-1355,1875.7,66.9,6.71,17,5,4475.610000000001,45.0241,299418.30900000007,302.111711,4.203198967135678,1.9035989509984936,8.179242018671413,2.5903667693977237,0.014947683109095741,0.14903129657005915,448.89900000000006,30031.343100000006,3012.11229,201510.31220100002,9.970193740536958,0.10029895366203243,60.190000000000005,73.61,60.190000000000005,12.19668523296808,21.187236724027983,4475.610000000001,448.89900000000006,45.0241,299418.30900000007,30031.343100000006,3012.11229,302.11171099999996
-1807,-1443,2312.47,66.9,8.02,17,6,4475.610000000001,64.32039999999999,299418.30900000007,515.8496079999999,4.203198967135678,2.081938421890892,8.179242018671413,2.831960451701259,0.014947683109095741,0.12468827930019093,536.538,35894.3922,4303.03476,287873.025444,8.341645885182773,0.11988041853494784,58.88000000000001,74.92,58.88000000000001,14.322957821657337,23.163289921770613,4475.610000000001,536.538,64.32039999999999,299418.30900000007,35894.3922,4303.03476,515.8496079999999
-1729,-931,1963.72,66.1,6.94,17,7,4369.209999999999,48.1636,288804.7809999999,334.25538400000005,4.191168746859153,1.9373017745331225,8.130190649671137,2.6343879744638983,0.015128593040824315,0.14409221901809666,458.734,30322.317399999996,3183.6139599999997,210436.88275599998,9.524495677096187,0.10499243570332074,59.16,73.03999999999999,59.16,12.561171960552354,21.41807647759247,4369.209999999999,458.734,48.1636,288804.7809999999,30322.317399999996,3183.6139599999997,334.25538400000005
-2265,-851,2419.59,65.3,8.12,17,8,4264.089999999999,65.93439999999998,278445.077,535.3873279999998,4.178992036283916,2.0943301541859016,8.080841540334768,2.8495613697550013,0.015313935681446686,0.12315270935808927,530.2359999999999,34624.41079999999,4305.516319999999,281150.21569599985,8.041871921083228,0.12434915773334708,57.18,73.42,57.18,14.44391174065044,23.026853888449455,4264.089999999999,530.2359999999999,65.93439999999998,278445.07699999993,34624.41079999999,4305.516319999999,535.3873279999998
-1776,-713,1913.78,66.0,8.69,17,9,4356.0,75.5161,287496.0,656.2349089999999,4.18965474202794,2.162172939288808,8.12403840463596,2.947880594596735,0.015151515151492195,0.1150747986177782,573.54,37853.64,4984.062599999999,328948.13159999996,7.5949367087733615,0.13166666666646715,57.31,74.69,57.31,15.357879234147331,23.948695162784965,4356.0,573.54,75.5161,287496.0,37853.64,4984.062599999999,656.2349089999999
-1664,-1262,2088.43,65.3,8.15,18,0,4264.089999999999,66.4225,278445.077,541.343375,4.178992036283916,2.098017927265041,8.080841540334768,2.8548204847240397,0.015313935681446686,0.12269938650156197,532.195,34752.33349999999,4337.38925,283231.51802499994,8.012269938551995,0.1248085758037905,57.15,73.45,57.15,14.49135466301635,23.06935196315666,4264.089999999999,532.195,66.4225,278445.07699999993,34752.3335,4337.38925,541.343375
-1322,-1368,1902.4,67.2,7.91,18,1,4515.84,62.5681,303464.44800000003,494.913671,4.207673247530592,2.068127781792205,8.19756061276768,2.812472222085047,0.014880952380930236,0.12642225031445736,531.552,35720.2944,4204.57632,282547.528704,8.495575221131535,0.11770833333315817,59.290000000000006,75.11,59.290000000000006,14.15396085739029,23.055411512267572,4515.84,531.552,62.5681,303464.44800000003,35720.294400000006,4204.57632,494.913671
-1199,-1007,1565.77,67.9,7.37,18,2,4610.410000000001,54.316900000000004,313046.8390000001,400.315553,4.218036034566123,1.9974177062148137,8.240145629781066,2.7147743920996454,0.014727540500714686,0.13568521031023492,500.42300000000006,33978.72170000001,3688.1175100000005,250423.17892900007,9.213025780064953,0.10854197349026723,60.53000000000001,75.27000000000001,60.53000000000001,13.29674505113153,22.370136342901446,4610.410000000001,500.42300000000006,54.316900000000004,313046.8390000001,33978.72170000001,3688.1175100000005,400.315553
-1019,-1303,1654.14,66.0,7.73,18,3,4356.0,59.752900000000004,287496.0,461.8899170000001,4.18965474202794,2.0451088626122673,8.12403840463596,2.7802877548915688,0.015151515151492195,0.1293661060785334,510.18,33671.880000000005,3943.6914,260283.63240000003,8.538163001183205,0.11712121212103467,58.269999999999996,73.73,58.269999999999996,13.839142818372657,22.587164496678195,4356.0,510.18,59.752900000000004,287496.0,33671.88,3943.6914,461.8899170000001
-1133,-943,1474.09,68.0,7.45,18,4,4624.0,55.502500000000005,314432.0,413.493625,4.219507705177577,2.008214032404891,8.246211251235321,2.7294688127912363,0.01470588235291955,0.13422818791766136,506.6,34448.8,3774.1700000000005,256643.56000000003,9.127516778400972,0.10955882352925064,60.55,75.45,60.55,13.428760768703208,22.507776433935007,4624.0,506.6,55.502500000000005,314432.0,34448.8,3774.1700000000005,413.49362500000007
-1341,-1204,1802.19,66.9,6.73,18,5,4475.610000000001,45.2929,299418.30900000007,304.82121700000005,4.203198967135678,1.9065751436714953,8.179242018671413,2.5942243542145698,0.014947683109095741,0.148588410101804,450.2370000000001,30120.855300000007,3030.0950100000005,202713.35616900004,9.94056463581069,0.10059790732421435,60.17,73.63000000000001,60.17,12.229716148292503,21.21878884385252,4475.610000000001,450.2370000000001,45.2929,299418.30900000007,30120.855300000007,3030.0950100000005,304.82121700000005
-1802,-1148,2136.61,65.3,8.12,18,6,4264.089999999999,65.93439999999998,278445.077,535.3873279999998,4.178992036283916,2.0943301541859016,8.080841540334768,2.8495613697550013,0.015313935681446686,0.12315270935808927,530.2359999999999,34624.41079999999,4305.516319999999,281150.21569599985,8.041871921083228,0.12434915773334708,57.18,73.42,57.18,14.44391174065044,23.026853888449455,4264.089999999999,530.2359999999999,65.93439999999998,278445.07699999993,34624.41079999999,4305.516319999999,535.3873279999998
-1340,-961,1648.98,67.3,7.64,18,7,4529.29,58.3696,304821.21699999995,445.9437439999999,4.209160236652168,2.033397603191518,8.203657720797473,2.7640549922170505,0.01485884101037911,0.13089005235430773,514.1719999999999,34603.7756,3928.2740799999997,264372.845584,8.80890052344491,0.1135215453192964,59.66,74.94,59.66,13.722231118209603,22.675361077610205,4529.29,514.1719999999999,58.3696,304821.217,34603.77559999999,3928.2740799999997,445.943744
-1770,-916,1992.98,67.6,6.85,18,8,4569.759999999999,46.92249999999999,308915.7759999999,321.41912499999995,4.213607983050398,1.9242486522887323,8.221921916437786,2.6172504656604803,0.014792899408262141,0.14598540145772285,463.05999999999995,31302.855999999992,3171.9609999999993,214424.56359999994,9.868613138542063,0.10133136094659566,60.74999999999999,74.44999999999999,60.74999999999999,12.439489590312371,21.5188289644209,4569.759999999999,463.05999999999995,46.92249999999999,308915.77599999995,31302.855999999992,3171.9609999999993,321.41912499999995
-2059,-1257,2412.37,69.7,7.34,18,9,4858.09,53.8756,338608.873,395.44690399999996,4.244200317767913,1.9933388426400482,8.34865258589672,2.7092434368288134,0.014347202295531783,0.13623978201449266,511.598,35658.3806,3755.12932,261732.513604,9.495912806410137,0.10530846484920328,62.36,77.04,62.36,13.281360332277671,22.61853222470459,4858.09,511.598,53.8756,338608.873,35658.380600000004,3755.12932,395.44690399999996
-1494,-1093,1851.13,65.9,8.48,19,0,4342.81,71.91040000000001,286191.17900000006,609.800192,4.188138441509979,2.137710449815604,8.117881497040962,2.9120439557122073,0.015174506828505045,0.11792452830049617,558.8320000000001,36827.02880000001,4738.895360000001,312293.20422400004,7.771226415002698,0.12867981790572278,57.42,74.38000000000001,57.42,15.026404947546348,23.6396277466461,4342.81,558.8320000000001,71.91040000000001,286191.17900000006,36827.02880000001,4738.895360000001,609.8001920000002
-1138,-1147,1615.75,67.1,7.79,19,1,4502.409999999999,60.6841,302111.71099999995,472.72913900000003,4.2061840439791265,2.0528408598954937,8.191458966508957,2.7910571473905725,0.014903129657205808,0.1283697047480312,522.709,35073.77389999999,4071.9031099999997,273224.6986809999,8.613607188592892,0.11609538002963325,59.309999999999995,74.89,59.309999999999995,13.959380424604138,22.862830096031416,4502.409999999999,522.709,60.6841,302111.7109999999,35073.77389999999,4071.9031099999997,472.72913900000003
-1071,-855,1370.43,67.6,7.56,19,2,4569.759999999999,57.1536,308915.7759999999,432.0812159999999,4.213607983050398,2.022871190204669,8.221921916437786,2.749545416973504,0.014792899408262141,0.1322751322733826,511.0559999999999,34547.385599999994,3863.5833599999996,261178.23513599994,8.941798941680664,0.11183431952646178,60.03999999999999,75.16,60.03999999999999,13.599148483217668,22.606547724055524,4569.759999999999,511.0559999999999,57.1536,308915.77599999995,34547.385599999994,3863.5833599999996,432.081216
-1345,-1324,1887.33,68.0,6.64,19,3,4624.0,44.0896,314432.0,292.75494399999997,4.219507705177577,1.8931119635034026,8.246211251235321,2.5768197453450252,0.01470588235291955,0.15060240963628613,451.52,30703.359999999997,2998.0928,203870.3104,10.240963855267456,0.09764705882338581,61.36,74.64,61.36,12.098606645214229,21.24899997646948,4624.0,451.52,44.0896,314432.0,30703.36,2998.0928,292.75494399999997
-1877,-1116,2183.71,66.1,6.66,19,4,4369.209999999999,44.3556,288804.7809999999,295.408296,4.191168746859153,1.8961194845673128,8.130190649671137,2.5806975801127883,0.015128593040824315,0.15015015014789565,440.226,29098.938599999994,2931.90516,193798.93107599998,9.924924924775901,0.10075642965188994,59.44,72.75999999999999,59.44,12.100769653639224,20.98156333546192,4369.209999999999,440.226,44.3556,288804.7809999999,29098.938599999998,2931.90516,295.408296
-2245,-891,2415.35,69.5,7.91,19,5,4830.25,62.5681,335702.375,494.913671,4.241326752572185,2.068127781792205,8.336666000266533,2.812472222085047,0.01438848920861239,0.12642225031445736,549.745,38207.277500000004,4348.4829500000005,302219.565025,8.786346396854787,0.113812949640124,61.59,77.41,61.59,14.20346208498359,23.446641550550474,4830.25,549.745,62.5681,335702.375,38207.277500000004,4348.4829500000005,494.913671
-2012,-1228,2357.14,68.5,7.52,19,6,4692.25,56.550399999999996,321419.125,425.25900799999994,4.22683374526964,2.0175661379750465,8.276472678623424,2.7422618401604177,0.01459854014596409,0.13297872340248698,515.12,35285.72,3873.7023999999997,265348.61439999996,9.10904255307036,0.10978102189764995,60.980000000000004,76.02,60.980000000000004,13.552223099166598,22.696255197719292,4692.25,515.12,56.550399999999996,321419.125,35285.72,3873.7023999999997,425.25900799999994
-2421,-1234,2717.35,67.3,7.77,19,7,4529.29,60.372899999999994,304821.21699999995,469.0974329999999,4.209160236652168,2.050270164392426,8.203657720797473,2.787471972953271,0.01485884101037911,0.12870012869847233,522.9209999999999,35192.5833,4063.0961699999993,273446.37224099995,8.661518661407188,0.11545319465064569,59.53,75.07,59.53,13.931557213249057,22.867465972424664,4529.29,522.9209999999999,60.372899999999994,304821.217,35192.58329999999,4063.0961699999993,469.0974329999999
-2370,-852,2518.49,67.3,7.32,19,8,4529.29,53.58240000000001,304821.21699999995,392.22316800000004,4.209160236652168,1.9906103279868814,8.203657720797473,2.705549851693737,0.01485884101037911,0.1366120218560572,492.636,33154.4028,3606.0955200000003,242690.22849600003,9.19398907091265,0.1087667161959751,59.98,74.62,59.98,13.203859555061372,22.195404929849783,4529.29,492.636,53.58240000000001,304821.217,33154.4028,3606.0955200000003,392.22316800000004
-2500,-1387,2858.98,68.1,6.21,19,9,4637.61,38.564099999999996,315821.2409999999,239.483061,4.220977213156935,1.8261608959614906,8.252272414311102,2.4919871588754225,0.014684287812019555,0.16103059581061144,422.90099999999995,28799.5581,2626.2152099999994,178845.25580099996,10.966183574702637,0.09118942731264143,61.88999999999999,74.30999999999999,61.88999999999999,11.382075090820372,20.564556888005146,4637.61,422.90099999999995,38.564099999999996,315821.241,28799.558099999995,2626.2152099999994,239.48306099999996
